INSERT INTO books (id,title,author) VALUES (1, 'The Hitchhiker''s Guide To The Galaxy', 'Douglas Adams');
INSERT INTO books (id,title,author) VALUES (2, 'Watership Down', 'Richard Adams');
INSERT INTO books (id,title,author) VALUES (3, 'The Five People You Meet in Heaven', 'Mitch Albom');
INSERT INTO books (id,title,author) VALUES (4, 'Speak', 'Laurie Halse Anderson');
INSERT INTO books (id,title,author) VALUES (5, 'I Know Why the Caged Bird Sings', 'Maya Angelou');
INSERT INTO books (id,title,author) VALUES (6, 'Thirteen Reasons Why', 'Jay Asher');
INSERT INTO books (id,title,author) VALUES (7, 'Foundation Series', 'Isaac Asimov');
INSERT INTO books (id,title,author) VALUES (8, 'The Sisterhood of the Travelling Pants', 'Ann Brashares');
INSERT INTO books (id,title,author) VALUES (9, 'A Great and Terrible Beauty', 'Libba Bray');
INSERT INTO books (id,title,author) VALUES (10, 'The Da Vinci Code', 'Dan Brown');
INSERT INTO books (id,title,author) VALUES (11, 'The Princess Diaries', 'Meg Cabot');
INSERT INTO books (id,title,author) VALUES (12, 'Ender''s Game', 'Orson Scott Card');
INSERT INTO books (id,title,author) VALUES (13, 'The Hunt for Red October', 'Tom Clancy');
INSERT INTO books (id,title,author) VALUES (14, 'The Hunger Games', 'Suzanne Collins');
INSERT INTO books (id,title,author) VALUES (15, 'The Great Gatsby', 'F. Scott Fitzgerald');
INSERT INTO books (id,title,author) VALUES (16, 'Ranger''s Apprentice Series', 'John Flanagan');
INSERT INTO books (id,title,author) VALUES (17, 'Inkheart', 'Cornelia Funke');
INSERT INTO books (id,title,author) VALUES (18, 'Neuromancer', 'William Gibson');
INSERT INTO books (id,title,author) VALUES (19, 'Lord of the Flies', 'William Golding');
INSERT INTO books (id,title,author) VALUES (20, 'The Princess Bride', 'William Goldman');
INSERT INTO books (id,title,author) VALUES (21, 'Dinotopia: A Land Apart from Time', 'James Gurney');
INSERT INTO books (id,title,author) VALUES (22, 'Far North', 'Will Hobbs');
INSERT INTO books (id,title,author) VALUES (23, 'Practical Magic', 'Alice Hoffman');
INSERT INTO books (id,title,author) VALUES (24, 'Brave New World', 'Aldous Huxley');
INSERT INTO books (id,title,author) VALUES (25, 'The Summer Tree', 'Guy Gavriel Kay');
INSERT INTO books (id,title,author) VALUES (26, 'Flowers For Algernon', 'Daniel Keyes');
INSERT INTO books (id,title,author) VALUES (27, 'Owl in Love', 'Patrice Kindl');
INSERT INTO books (id,title,author) VALUES (28, 'Naruto', 'Masashi Kishimoto');
INSERT INTO books (id,title,author) VALUES (29, 'Bleach (graphic novel)', 'Tite Kubo');
INSERT INTO books (id,title,author) VALUES (30, 'Kiss the Dust', 'Elizabeth Laird');
INSERT INTO books (id,title,author) VALUES (31, 'To Kill a Mockingbird', 'Harper Lee');
INSERT INTO books (id,title,author) VALUES (32, 'The Lion the Witch and the Wardrobe', 'C S Lewis');
INSERT INTO books (id,title,author) VALUES (33, 'The Bourne Series', 'Robert Ludlum');
INSERT INTO books (id,title,author) VALUES (34, 'Life of Pi', 'Yann Martel');
INSERT INTO books (id,title,author) VALUES (35, 'Breathless', 'Lurlene McDaniel');
INSERT INTO books (id,title,author) VALUES (36, 'Twilight Series', 'Stephenie Meyer');
INSERT INTO books (id,title,author) VALUES (37, 'Sabriel', 'Garth Nix');
INSERT INTO books (id,title,author) VALUES (38, 'Nineteen Eighty-Four (1984)', 'George Orwell');
INSERT INTO books (id,title,author) VALUES (39, 'Eragon', 'Christopher Paolini');
INSERT INTO books (id,title,author) VALUES (40, 'Hatchet', 'Gary Paulsen');
INSERT INTO books (id,title,author) VALUES (41, 'My Sister''s Keeper', 'Jodi Picoult');
INSERT INTO books (id,title,author) VALUES (42, 'The Golden Compass', 'Philip Pullman');
INSERT INTO books (id,title,author) VALUES (43, 'Harry Potter Series', 'J.K. Rowling');
INSERT INTO books (id,title,author) VALUES (44, 'Holes', 'Louis Sachar');
INSERT INTO books (id,title,author) VALUES (45, 'Shonen Jump Series', 'Shueisha');
INSERT INTO books (id,title,author) VALUES (46, 'The Shadow Club', 'Neil Shusterman');
INSERT INTO books (id,title,author) VALUES (47, 'Bone Series', 'Jeff Smith');
INSERT INTO books (id,title,author) VALUES (48, 'Maus: A Survivor''s Tale', 'Art Spiegelman');
INSERT INTO books (id,title,author) VALUES (49, 'The Joy Luck Club', 'Amy Tan');
INSERT INTO books (id,title,author) VALUES (50, 'The Lord of the Rings', 'J R R Tolkien');
INSERT INTO books (id,title,author) VALUES (51, 'The Hobbit', 'J R R Tolkien');
INSERT INTO books (id,title,author) VALUES (52, 'Shattered', 'Eric Walters');
INSERT INTO books (id,title,author) VALUES (53, 'The War Of The Worlds', 'H G Wells');
INSERT INTO books (id,title,author) VALUES (54, 'Dealing with Dragons', 'Patricia C. Wrede');
INSERT INTO books (id,title,author) VALUES (55, 'The Chrysalids', 'John Wyndham');

ALTER SEQUENCE books_id_seq RESTART 56 ;

INSERT INTO users (id,name) VALUES (1,	'Mogens');
INSERT INTO users (id,name) VALUES (2,	'Aphra');
INSERT INTO users (id,name) VALUES (3,	'Jozica');
INSERT INTO users (id,name) VALUES (4,	'Sanda');
INSERT INTO users (id,name) VALUES (5,	'Indira');
INSERT INTO users (id,name) VALUES (6,	'Sophia');
INSERT INTO users (id,name) VALUES (7,	'Eberhard');
INSERT INTO users (id,name) VALUES (8,	'Onyekachi');
INSERT INTO users (id,name) VALUES (9,	'Sabriye');
INSERT INTO users (id,name) VALUES (10,	'Julian');
INSERT INTO users (id,name) VALUES (11,	'Maimu');
INSERT INTO users (id,name) VALUES (12,	'Ambrose');
INSERT INTO users (id,name) VALUES (13,	'Rudite');
INSERT INTO users (id,name) VALUES (14,	'Tatiana');
INSERT INTO users (id,name) VALUES (15,	'Rahul');
INSERT INTO users (id,name) VALUES (16,	'Raisa');
INSERT INTO users (id,name) VALUES (17,	'Kai');
INSERT INTO users (id,name) VALUES (18,	'Sneha');
INSERT INTO users (id,name) VALUES (19,	'Feidelm');
INSERT INTO users (id,name) VALUES (20,	'Gocha');
INSERT INTO users (id,name) VALUES (21,	'Sandra');
INSERT INTO users (id,name) VALUES (22,	'Gustav');
INSERT INTO users (id,name) VALUES (23,	'Hariwini');
INSERT INTO users (id,name) VALUES (24,	'Domonkos');
INSERT INTO users (id,name) VALUES (25,	'Meliton');
INSERT INTO users (id,name) VALUES (26,	'Anso');
INSERT INTO users (id,name) VALUES (27,	'Natasha');
INSERT INTO users (id,name) VALUES (28,	'Magnus');
INSERT INTO users (id,name) VALUES (29,	'Pradeep');
INSERT INTO users (id,name) VALUES (30,	'Kajal');
INSERT INTO users (id,name) VALUES (31,	'Bob');
INSERT INTO users (id,name) VALUES (32,	'Mary');

ALTER SEQUENCE users_id_seq RESTART 33 ;

INSERT INTO ratings (user_id,book_id,rating) VALUES (1,1,5);
INSERT INTO ratings (user_id,book_id,rating) VALUES (1,8,1);
INSERT INTO ratings (user_id,book_id,rating) VALUES (1,10,1);
INSERT INTO ratings (user_id,book_id,rating) VALUES (1,11,-3);
INSERT INTO ratings (user_id,book_id,rating) VALUES (1,12,5);
INSERT INTO ratings (user_id,book_id,rating) VALUES (1,16,5);
INSERT INTO ratings (user_id,book_id,rating) VALUES (1,17,5);
INSERT INTO ratings (user_id,book_id,rating) VALUES (1,22,5);
INSERT INTO ratings (user_id,book_id,rating) VALUES (1,31,1);
INSERT INTO ratings (user_id,book_id,rating) VALUES (1,32,3);
INSERT INTO ratings (user_id,book_id,rating) VALUES (1,34,1);
INSERT INTO ratings (user_id,book_id,rating) VALUES (1,36,-5);
INSERT INTO ratings (user_id,book_id,rating) VALUES (1,39,5);
INSERT INTO ratings (user_id,book_id,rating) VALUES (1,40,5);
INSERT INTO ratings (user_id,book_id,rating) VALUES (1,42,5);
INSERT INTO ratings (user_id,book_id,rating) VALUES (1,43,5);
INSERT INTO ratings (user_id,book_id,rating) VALUES (1,44,5);
INSERT INTO ratings (user_id,book_id,rating) VALUES (1,46,5);
INSERT INTO ratings (user_id,book_id,rating) VALUES (1,47,5);
INSERT INTO ratings (user_id,book_id,rating) VALUES (1,51,5);
INSERT INTO ratings (user_id,book_id,rating) VALUES (1,52,5);
INSERT INTO ratings (user_id,book_id,rating) VALUES (1,53,5);
INSERT INTO ratings (user_id,book_id,rating) VALUES (1,54,5);
INSERT INTO ratings (user_id,book_id,rating) VALUES (1,55,-5);
INSERT INTO ratings (user_id,book_id,rating) VALUES (2,1,5);
INSERT INTO ratings (user_id,book_id,rating) VALUES (2,2,5);
INSERT INTO ratings (user_id,book_id,rating) VALUES (2,7,3);
INSERT INTO ratings (user_id,book_id,rating) VALUES (2,10,1);
INSERT INTO ratings (user_id,book_id,rating) VALUES (2,12,5);
INSERT INTO ratings (user_id,book_id,rating) VALUES (2,13,3);
INSERT INTO ratings (user_id,book_id,rating) VALUES (2,15,5);
INSERT INTO ratings (user_id,book_id,rating) VALUES (2,17,3);
INSERT INTO ratings (user_id,book_id,rating) VALUES (2,18,3);
INSERT INTO ratings (user_id,book_id,rating) VALUES (2,19,5);
INSERT INTO ratings (user_id,book_id,rating) VALUES (2,25,5);
INSERT INTO ratings (user_id,book_id,rating) VALUES (2,31,3);
INSERT INTO ratings (user_id,book_id,rating) VALUES (2,32,5);
INSERT INTO ratings (user_id,book_id,rating) VALUES (2,38,5);
INSERT INTO ratings (user_id,book_id,rating) VALUES (2,39,-3);
INSERT INTO ratings (user_id,book_id,rating) VALUES (2,43,5);
INSERT INTO ratings (user_id,book_id,rating) VALUES (2,50,5);
INSERT INTO ratings (user_id,book_id,rating) VALUES (2,51,5);
INSERT INTO ratings (user_id,book_id,rating) VALUES (2,53,3);
INSERT INTO ratings (user_id,book_id,rating) VALUES (3,1,5);
INSERT INTO ratings (user_id,book_id,rating) VALUES (3,2,-5);
INSERT INTO ratings (user_id,book_id,rating) VALUES (3,7,-3);
INSERT INTO ratings (user_id,book_id,rating) VALUES (3,8,-5);
INSERT INTO ratings (user_id,book_id,rating) VALUES (3,10,1);
INSERT INTO ratings (user_id,book_id,rating) VALUES (3,11,-5);
INSERT INTO ratings (user_id,book_id,rating) VALUES (3,12,5);
INSERT INTO ratings (user_id,book_id,rating) VALUES (3,14,1);
INSERT INTO ratings (user_id,book_id,rating) VALUES (3,16,1);
INSERT INTO ratings (user_id,book_id,rating) VALUES (3,17,-3);
INSERT INTO ratings (user_id,book_id,rating) VALUES (3,18,1);
INSERT INTO ratings (user_id,book_id,rating) VALUES (3,19,-5);
INSERT INTO ratings (user_id,book_id,rating) VALUES (3,26,3);
INSERT INTO ratings (user_id,book_id,rating) VALUES (3,31,-5);
INSERT INTO ratings (user_id,book_id,rating) VALUES (3,32,1);
INSERT INTO ratings (user_id,book_id,rating) VALUES (3,34,1);
INSERT INTO ratings (user_id,book_id,rating) VALUES (3,36,-5);
INSERT INTO ratings (user_id,book_id,rating) VALUES (3,38,3);
INSERT INTO ratings (user_id,book_id,rating) VALUES (3,39,-3);
INSERT INTO ratings (user_id,book_id,rating) VALUES (3,40,3);
INSERT INTO ratings (user_id,book_id,rating) VALUES (3,42,1);
INSERT INTO ratings (user_id,book_id,rating) VALUES (3,43,5);
INSERT INTO ratings (user_id,book_id,rating) VALUES (3,44,1);
INSERT INTO ratings (user_id,book_id,rating) VALUES (3,50,1);
INSERT INTO ratings (user_id,book_id,rating) VALUES (3,51,3);
INSERT INTO ratings (user_id,book_id,rating) VALUES (3,52,1);
INSERT INTO ratings (user_id,book_id,rating) VALUES (3,53,5);
INSERT INTO ratings (user_id,book_id,rating) VALUES (3,54,1);
INSERT INTO ratings (user_id,book_id,rating) VALUES (3,55,3);
INSERT INTO ratings (user_id,book_id,rating) VALUES (4,1,3);
INSERT INTO ratings (user_id,book_id,rating) VALUES (4,2,3);
INSERT INTO ratings (user_id,book_id,rating) VALUES (4,3,5);
INSERT INTO ratings (user_id,book_id,rating) VALUES (4,7,3);
INSERT INTO ratings (user_id,book_id,rating) VALUES (4,10,3);
INSERT INTO ratings (user_id,book_id,rating) VALUES (4,12,3);
INSERT INTO ratings (user_id,book_id,rating) VALUES (4,18,3);
INSERT INTO ratings (user_id,book_id,rating) VALUES (4,20,5);
INSERT INTO ratings (user_id,book_id,rating) VALUES (4,24,1);
INSERT INTO ratings (user_id,book_id,rating) VALUES (4,25,3);
INSERT INTO ratings (user_id,book_id,rating) VALUES (4,26,1);
INSERT INTO ratings (user_id,book_id,rating) VALUES (4,32,3);
INSERT INTO ratings (user_id,book_id,rating) VALUES (4,34,3);
INSERT INTO ratings (user_id,book_id,rating) VALUES (4,38,1);
INSERT INTO ratings (user_id,book_id,rating) VALUES (4,39,3);
INSERT INTO ratings (user_id,book_id,rating) VALUES (4,42,3);
INSERT INTO ratings (user_id,book_id,rating) VALUES (4,43,3);
INSERT INTO ratings (user_id,book_id,rating) VALUES (4,47,5);
INSERT INTO ratings (user_id,book_id,rating) VALUES (4,50,3);
INSERT INTO ratings (user_id,book_id,rating) VALUES (4,51,1);
INSERT INTO ratings (user_id,book_id,rating) VALUES (5,1,3);
INSERT INTO ratings (user_id,book_id,rating) VALUES (5,19,1);
INSERT INTO ratings (user_id,book_id,rating) VALUES (5,32,5);
INSERT INTO ratings (user_id,book_id,rating) VALUES (5,38,3);
INSERT INTO ratings (user_id,book_id,rating) VALUES (5,39,1);
INSERT INTO ratings (user_id,book_id,rating) VALUES (5,43,3);
INSERT INTO ratings (user_id,book_id,rating) VALUES (5,47,3);
INSERT INTO ratings (user_id,book_id,rating) VALUES (5,49,3);
INSERT INTO ratings (user_id,book_id,rating) VALUES (5,50,3);
INSERT INTO ratings (user_id,book_id,rating) VALUES (5,51,5);
INSERT INTO ratings (user_id,book_id,rating) VALUES (5,53,3);
INSERT INTO ratings (user_id,book_id,rating) VALUES (5,55,3);
INSERT INTO ratings (user_id,book_id,rating) VALUES (6,1,3);
INSERT INTO ratings (user_id,book_id,rating) VALUES (6,2,3);
INSERT INTO ratings (user_id,book_id,rating) VALUES (6,3,5);
INSERT INTO ratings (user_id,book_id,rating) VALUES (6,7,3);
INSERT INTO ratings (user_id,book_id,rating) VALUES (6,10,3);
INSERT INTO ratings (user_id,book_id,rating) VALUES (6,12,3);
INSERT INTO ratings (user_id,book_id,rating) VALUES (6,18,3);
INSERT INTO ratings (user_id,book_id,rating) VALUES (6,20,5);
INSERT INTO ratings (user_id,book_id,rating) VALUES (6,24,1);
INSERT INTO ratings (user_id,book_id,rating) VALUES (6,25,3);
INSERT INTO ratings (user_id,book_id,rating) VALUES (6,26,1);
INSERT INTO ratings (user_id,book_id,rating) VALUES (6,32,3);
INSERT INTO ratings (user_id,book_id,rating) VALUES (6,34,3);
INSERT INTO ratings (user_id,book_id,rating) VALUES (6,38,1);
INSERT INTO ratings (user_id,book_id,rating) VALUES (6,39,3);
INSERT INTO ratings (user_id,book_id,rating) VALUES (6,42,3);
INSERT INTO ratings (user_id,book_id,rating) VALUES (6,43,3);
INSERT INTO ratings (user_id,book_id,rating) VALUES (6,47,5);
INSERT INTO ratings (user_id,book_id,rating) VALUES (6,50,3);
INSERT INTO ratings (user_id,book_id,rating) VALUES (6,51,1);
INSERT INTO ratings (user_id,book_id,rating) VALUES (7,1,5);
INSERT INTO ratings (user_id,book_id,rating) VALUES (7,2,3);
INSERT INTO ratings (user_id,book_id,rating) VALUES (7,7,3);
INSERT INTO ratings (user_id,book_id,rating) VALUES (7,15,1);
INSERT INTO ratings (user_id,book_id,rating) VALUES (7,24,3);
INSERT INTO ratings (user_id,book_id,rating) VALUES (7,26,3);
INSERT INTO ratings (user_id,book_id,rating) VALUES (7,32,5);
INSERT INTO ratings (user_id,book_id,rating) VALUES (7,34,5);
INSERT INTO ratings (user_id,book_id,rating) VALUES (7,49,3);
INSERT INTO ratings (user_id,book_id,rating) VALUES (7,50,3);
INSERT INTO ratings (user_id,book_id,rating) VALUES (7,51,3);
INSERT INTO ratings (user_id,book_id,rating) VALUES (8,17,1);
INSERT INTO ratings (user_id,book_id,rating) VALUES (8,28,5);
INSERT INTO ratings (user_id,book_id,rating) VALUES (8,32,1);
INSERT INTO ratings (user_id,book_id,rating) VALUES (8,36,1);
INSERT INTO ratings (user_id,book_id,rating) VALUES (8,39,5);
INSERT INTO ratings (user_id,book_id,rating) VALUES (8,43,5);
INSERT INTO ratings (user_id,book_id,rating) VALUES (8,44,3);
INSERT INTO ratings (user_id,book_id,rating) VALUES (8,45,5);
INSERT INTO ratings (user_id,book_id,rating) VALUES (8,50,5);
INSERT INTO ratings (user_id,book_id,rating) VALUES (8,51,3);
INSERT INTO ratings (user_id,book_id,rating) VALUES (8,53,3);
INSERT INTO ratings (user_id,book_id,rating) VALUES (8,55,-5);
INSERT INTO ratings (user_id,book_id,rating) VALUES (9,4,-3);
INSERT INTO ratings (user_id,book_id,rating) VALUES (9,17,3);
INSERT INTO ratings (user_id,book_id,rating) VALUES (9,28,5);
INSERT INTO ratings (user_id,book_id,rating) VALUES (9,29,5);
INSERT INTO ratings (user_id,book_id,rating) VALUES (9,39,1);
INSERT INTO ratings (user_id,book_id,rating) VALUES (9,40,1);
INSERT INTO ratings (user_id,book_id,rating) VALUES (9,42,-3);
INSERT INTO ratings (user_id,book_id,rating) VALUES (9,43,5);
INSERT INTO ratings (user_id,book_id,rating) VALUES (9,44,3);
INSERT INTO ratings (user_id,book_id,rating) VALUES (9,47,1);
INSERT INTO ratings (user_id,book_id,rating) VALUES (9,51,1);
INSERT INTO ratings (user_id,book_id,rating) VALUES (10,8,5);
INSERT INTO ratings (user_id,book_id,rating) VALUES (10,36,5);
INSERT INTO ratings (user_id,book_id,rating) VALUES (10,39,-5);
INSERT INTO ratings (user_id,book_id,rating) VALUES (10,42,-5);
INSERT INTO ratings (user_id,book_id,rating) VALUES (10,43,5);
INSERT INTO ratings (user_id,book_id,rating) VALUES (10,51,-3);
INSERT INTO ratings (user_id,book_id,rating) VALUES (10,55,-3);
INSERT INTO ratings (user_id,book_id,rating) VALUES (11,2,-3);
INSERT INTO ratings (user_id,book_id,rating) VALUES (11,26,3);
INSERT INTO ratings (user_id,book_id,rating) VALUES (11,31,5);
INSERT INTO ratings (user_id,book_id,rating) VALUES (11,32,3);
INSERT INTO ratings (user_id,book_id,rating) VALUES (11,38,5);
INSERT INTO ratings (user_id,book_id,rating) VALUES (11,40,3);
INSERT INTO ratings (user_id,book_id,rating) VALUES (11,42,3);
INSERT INTO ratings (user_id,book_id,rating) VALUES (11,43,5);
INSERT INTO ratings (user_id,book_id,rating) VALUES (11,44,3);
INSERT INTO ratings (user_id,book_id,rating) VALUES (11,48,3);
INSERT INTO ratings (user_id,book_id,rating) VALUES (11,50,5);
INSERT INTO ratings (user_id,book_id,rating) VALUES (11,51,5);
INSERT INTO ratings (user_id,book_id,rating) VALUES (11,54,5);
INSERT INTO ratings (user_id,book_id,rating) VALUES (12,1,1);
INSERT INTO ratings (user_id,book_id,rating) VALUES (12,2,1);
INSERT INTO ratings (user_id,book_id,rating) VALUES (12,3,3);
INSERT INTO ratings (user_id,book_id,rating) VALUES (12,4,3);
INSERT INTO ratings (user_id,book_id,rating) VALUES (12,5,-3);
INSERT INTO ratings (user_id,book_id,rating) VALUES (12,6,3);
INSERT INTO ratings (user_id,book_id,rating) VALUES (12,7,3);
INSERT INTO ratings (user_id,book_id,rating) VALUES (12,8,5);
INSERT INTO ratings (user_id,book_id,rating) VALUES (12,9,5);
INSERT INTO ratings (user_id,book_id,rating) VALUES (12,10,5);
INSERT INTO ratings (user_id,book_id,rating) VALUES (12,11,5);
INSERT INTO ratings (user_id,book_id,rating) VALUES (12,12,1);
INSERT INTO ratings (user_id,book_id,rating) VALUES (12,13,3);
INSERT INTO ratings (user_id,book_id,rating) VALUES (12,14,1);
INSERT INTO ratings (user_id,book_id,rating) VALUES (12,15,1);
INSERT INTO ratings (user_id,book_id,rating) VALUES (12,17,5);
INSERT INTO ratings (user_id,book_id,rating) VALUES (12,19,3);
INSERT INTO ratings (user_id,book_id,rating) VALUES (12,36,3);
INSERT INTO ratings (user_id,book_id,rating) VALUES (12,37,3);
INSERT INTO ratings (user_id,book_id,rating) VALUES (12,39,3);
INSERT INTO ratings (user_id,book_id,rating) VALUES (12,41,3);
INSERT INTO ratings (user_id,book_id,rating) VALUES (12,42,5);
INSERT INTO ratings (user_id,book_id,rating) VALUES (12,43,5);
INSERT INTO ratings (user_id,book_id,rating) VALUES (12,44,5);
INSERT INTO ratings (user_id,book_id,rating) VALUES (12,46,-3);
INSERT INTO ratings (user_id,book_id,rating) VALUES (12,53,3);
INSERT INTO ratings (user_id,book_id,rating) VALUES (12,54,1);
INSERT INTO ratings (user_id,book_id,rating) VALUES (12,55,1);
INSERT INTO ratings (user_id,book_id,rating) VALUES (13,12,5);
INSERT INTO ratings (user_id,book_id,rating) VALUES (13,28,1);
INSERT INTO ratings (user_id,book_id,rating) VALUES (13,29,-3);
INSERT INTO ratings (user_id,book_id,rating) VALUES (13,32,5);
INSERT INTO ratings (user_id,book_id,rating) VALUES (13,33,5);
INSERT INTO ratings (user_id,book_id,rating) VALUES (13,36,5);
INSERT INTO ratings (user_id,book_id,rating) VALUES (13,39,3);
INSERT INTO ratings (user_id,book_id,rating) VALUES (13,43,5);
INSERT INTO ratings (user_id,book_id,rating) VALUES (13,53,5);
INSERT INTO ratings (user_id,book_id,rating) VALUES (13,55,5);
INSERT INTO ratings (user_id,book_id,rating) VALUES (14,1,3);
INSERT INTO ratings (user_id,book_id,rating) VALUES (14,4,5);
INSERT INTO ratings (user_id,book_id,rating) VALUES (14,8,5);
INSERT INTO ratings (user_id,book_id,rating) VALUES (14,10,5);
INSERT INTO ratings (user_id,book_id,rating) VALUES (14,11,3);
INSERT INTO ratings (user_id,book_id,rating) VALUES (14,17,3);
INSERT INTO ratings (user_id,book_id,rating) VALUES (14,19,5);
INSERT INTO ratings (user_id,book_id,rating) VALUES (14,20,5);
INSERT INTO ratings (user_id,book_id,rating) VALUES (14,29,5);
INSERT INTO ratings (user_id,book_id,rating) VALUES (14,31,5);
INSERT INTO ratings (user_id,book_id,rating) VALUES (14,32,5);
INSERT INTO ratings (user_id,book_id,rating) VALUES (14,33,3);
INSERT INTO ratings (user_id,book_id,rating) VALUES (14,36,5);
INSERT INTO ratings (user_id,book_id,rating) VALUES (14,39,5);
INSERT INTO ratings (user_id,book_id,rating) VALUES (14,40,5);
INSERT INTO ratings (user_id,book_id,rating) VALUES (14,41,5);
INSERT INTO ratings (user_id,book_id,rating) VALUES (14,42,3);
INSERT INTO ratings (user_id,book_id,rating) VALUES (14,43,5);
INSERT INTO ratings (user_id,book_id,rating) VALUES (14,44,5);
INSERT INTO ratings (user_id,book_id,rating) VALUES (14,47,5);
INSERT INTO ratings (user_id,book_id,rating) VALUES (14,50,5);
INSERT INTO ratings (user_id,book_id,rating) VALUES (14,51,5);
INSERT INTO ratings (user_id,book_id,rating) VALUES (14,53,5);
INSERT INTO ratings (user_id,book_id,rating) VALUES (14,55,5);
INSERT INTO ratings (user_id,book_id,rating) VALUES (15,1,5);
INSERT INTO ratings (user_id,book_id,rating) VALUES (15,7,3);
INSERT INTO ratings (user_id,book_id,rating) VALUES (15,12,3);
INSERT INTO ratings (user_id,book_id,rating) VALUES (15,19,1);
INSERT INTO ratings (user_id,book_id,rating) VALUES (15,26,5);
INSERT INTO ratings (user_id,book_id,rating) VALUES (15,31,1);
INSERT INTO ratings (user_id,book_id,rating) VALUES (15,50,-3);
INSERT INTO ratings (user_id,book_id,rating) VALUES (15,55,3);
INSERT INTO ratings (user_id,book_id,rating) VALUES (16,1,3);
INSERT INTO ratings (user_id,book_id,rating) VALUES (16,2,3);
INSERT INTO ratings (user_id,book_id,rating) VALUES (16,3,1);
INSERT INTO ratings (user_id,book_id,rating) VALUES (16,5,3);
INSERT INTO ratings (user_id,book_id,rating) VALUES (16,7,3);
INSERT INTO ratings (user_id,book_id,rating) VALUES (16,10,-3);
INSERT INTO ratings (user_id,book_id,rating) VALUES (16,12,5);
INSERT INTO ratings (user_id,book_id,rating) VALUES (16,13,3);
INSERT INTO ratings (user_id,book_id,rating) VALUES (16,15,1);
INSERT INTO ratings (user_id,book_id,rating) VALUES (16,18,5);
INSERT INTO ratings (user_id,book_id,rating) VALUES (16,19,3);
INSERT INTO ratings (user_id,book_id,rating) VALUES (16,24,1);
INSERT INTO ratings (user_id,book_id,rating) VALUES (16,26,3);
INSERT INTO ratings (user_id,book_id,rating) VALUES (16,28,1);
INSERT INTO ratings (user_id,book_id,rating) VALUES (16,31,3);
INSERT INTO ratings (user_id,book_id,rating) VALUES (16,32,5);
INSERT INTO ratings (user_id,book_id,rating) VALUES (16,33,3);
INSERT INTO ratings (user_id,book_id,rating) VALUES (16,34,3);
INSERT INTO ratings (user_id,book_id,rating) VALUES (16,38,5);
INSERT INTO ratings (user_id,book_id,rating) VALUES (16,40,5);
INSERT INTO ratings (user_id,book_id,rating) VALUES (16,42,3);
INSERT INTO ratings (user_id,book_id,rating) VALUES (16,43,3);
INSERT INTO ratings (user_id,book_id,rating) VALUES (16,45,-3);
INSERT INTO ratings (user_id,book_id,rating) VALUES (16,48,5);
INSERT INTO ratings (user_id,book_id,rating) VALUES (16,49,1);
INSERT INTO ratings (user_id,book_id,rating) VALUES (16,50,5);
INSERT INTO ratings (user_id,book_id,rating) VALUES (16,51,3);
INSERT INTO ratings (user_id,book_id,rating) VALUES (16,53,3);
INSERT INTO ratings (user_id,book_id,rating) VALUES (17,5,5);
INSERT INTO ratings (user_id,book_id,rating) VALUES (17,10,3);
INSERT INTO ratings (user_id,book_id,rating) VALUES (17,19,-3);
INSERT INTO ratings (user_id,book_id,rating) VALUES (17,24,-3);
INSERT INTO ratings (user_id,book_id,rating) VALUES (17,32,3);
INSERT INTO ratings (user_id,book_id,rating) VALUES (17,34,3);
INSERT INTO ratings (user_id,book_id,rating) VALUES (17,38,-3);
INSERT INTO ratings (user_id,book_id,rating) VALUES (17,43,3);
INSERT INTO ratings (user_id,book_id,rating) VALUES (17,50,-3);
INSERT INTO ratings (user_id,book_id,rating) VALUES (17,51,-3);
INSERT INTO ratings (user_id,book_id,rating) VALUES (18,2,3);
INSERT INTO ratings (user_id,book_id,rating) VALUES (18,10,5);
INSERT INTO ratings (user_id,book_id,rating) VALUES (18,12,5);
INSERT INTO ratings (user_id,book_id,rating) VALUES (18,15,-3);
INSERT INTO ratings (user_id,book_id,rating) VALUES (18,16,5);
INSERT INTO ratings (user_id,book_id,rating) VALUES (18,19,1);
INSERT INTO ratings (user_id,book_id,rating) VALUES (18,22,3);
INSERT INTO ratings (user_id,book_id,rating) VALUES (18,25,3);
INSERT INTO ratings (user_id,book_id,rating) VALUES (18,31,1);
INSERT INTO ratings (user_id,book_id,rating) VALUES (18,32,3);
INSERT INTO ratings (user_id,book_id,rating) VALUES (18,33,3);
INSERT INTO ratings (user_id,book_id,rating) VALUES (18,39,5);
INSERT INTO ratings (user_id,book_id,rating) VALUES (18,43,5);
INSERT INTO ratings (user_id,book_id,rating) VALUES (18,44,3);
INSERT INTO ratings (user_id,book_id,rating) VALUES (18,46,3);
INSERT INTO ratings (user_id,book_id,rating) VALUES (18,50,5);
INSERT INTO ratings (user_id,book_id,rating) VALUES (18,51,5);
INSERT INTO ratings (user_id,book_id,rating) VALUES (18,52,3);
INSERT INTO ratings (user_id,book_id,rating) VALUES (19,1,5);
INSERT INTO ratings (user_id,book_id,rating) VALUES (19,2,1);
INSERT INTO ratings (user_id,book_id,rating) VALUES (19,12,5);
INSERT INTO ratings (user_id,book_id,rating) VALUES (19,15,3);
INSERT INTO ratings (user_id,book_id,rating) VALUES (19,18,5);
INSERT INTO ratings (user_id,book_id,rating) VALUES (19,19,3);
INSERT INTO ratings (user_id,book_id,rating) VALUES (19,24,3);
INSERT INTO ratings (user_id,book_id,rating) VALUES (19,26,1);
INSERT INTO ratings (user_id,book_id,rating) VALUES (19,27,1);
INSERT INTO ratings (user_id,book_id,rating) VALUES (19,31,3);
INSERT INTO ratings (user_id,book_id,rating) VALUES (19,32,3);
INSERT INTO ratings (user_id,book_id,rating) VALUES (19,34,5);
INSERT INTO ratings (user_id,book_id,rating) VALUES (19,36,-3);
INSERT INTO ratings (user_id,book_id,rating) VALUES (19,38,3);
INSERT INTO ratings (user_id,book_id,rating) VALUES (19,42,5);
INSERT INTO ratings (user_id,book_id,rating) VALUES (19,43,3);
INSERT INTO ratings (user_id,book_id,rating) VALUES (19,51,3);
INSERT INTO ratings (user_id,book_id,rating) VALUES (19,53,1);
INSERT INTO ratings (user_id,book_id,rating) VALUES (20,1,5);
INSERT INTO ratings (user_id,book_id,rating) VALUES (20,5,1);
INSERT INTO ratings (user_id,book_id,rating) VALUES (20,10,-5);
INSERT INTO ratings (user_id,book_id,rating) VALUES (20,12,5);
INSERT INTO ratings (user_id,book_id,rating) VALUES (20,18,3);
INSERT INTO ratings (user_id,book_id,rating) VALUES (20,19,-3);
INSERT INTO ratings (user_id,book_id,rating) VALUES (20,20,3);
INSERT INTO ratings (user_id,book_id,rating) VALUES (20,24,5);
INSERT INTO ratings (user_id,book_id,rating) VALUES (20,26,5);
INSERT INTO ratings (user_id,book_id,rating) VALUES (20,31,3);
INSERT INTO ratings (user_id,book_id,rating) VALUES (20,32,3);
INSERT INTO ratings (user_id,book_id,rating) VALUES (20,34,5);
INSERT INTO ratings (user_id,book_id,rating) VALUES (20,38,5);
INSERT INTO ratings (user_id,book_id,rating) VALUES (20,43,3);
INSERT INTO ratings (user_id,book_id,rating) VALUES (20,48,5);
INSERT INTO ratings (user_id,book_id,rating) VALUES (21,3,3);
INSERT INTO ratings (user_id,book_id,rating) VALUES (21,10,-3);
INSERT INTO ratings (user_id,book_id,rating) VALUES (21,15,5);
INSERT INTO ratings (user_id,book_id,rating) VALUES (21,19,5);
INSERT INTO ratings (user_id,book_id,rating) VALUES (21,31,5);
INSERT INTO ratings (user_id,book_id,rating) VALUES (21,38,5);
INSERT INTO ratings (user_id,book_id,rating) VALUES (21,50,3);
INSERT INTO ratings (user_id,book_id,rating) VALUES (21,51,3);
INSERT INTO ratings (user_id,book_id,rating) VALUES (22,1,3);
INSERT INTO ratings (user_id,book_id,rating) VALUES (22,10,3);
INSERT INTO ratings (user_id,book_id,rating) VALUES (22,12,5);
INSERT INTO ratings (user_id,book_id,rating) VALUES (22,15,5);
INSERT INTO ratings (user_id,book_id,rating) VALUES (22,17,1);
INSERT INTO ratings (user_id,book_id,rating) VALUES (22,18,1);
INSERT INTO ratings (user_id,book_id,rating) VALUES (22,19,3);
INSERT INTO ratings (user_id,book_id,rating) VALUES (22,21,1);
INSERT INTO ratings (user_id,book_id,rating) VALUES (22,23,3);
INSERT INTO ratings (user_id,book_id,rating) VALUES (22,28,3);
INSERT INTO ratings (user_id,book_id,rating) VALUES (22,29,3);
INSERT INTO ratings (user_id,book_id,rating) VALUES (22,31,5);
INSERT INTO ratings (user_id,book_id,rating) VALUES (22,32,3);
INSERT INTO ratings (user_id,book_id,rating) VALUES (22,33,1);
INSERT INTO ratings (user_id,book_id,rating) VALUES (22,34,3);
INSERT INTO ratings (user_id,book_id,rating) VALUES (22,36,1);
INSERT INTO ratings (user_id,book_id,rating) VALUES (22,38,3);
INSERT INTO ratings (user_id,book_id,rating) VALUES (22,39,1);
INSERT INTO ratings (user_id,book_id,rating) VALUES (22,42,5);
INSERT INTO ratings (user_id,book_id,rating) VALUES (22,43,3);
INSERT INTO ratings (user_id,book_id,rating) VALUES (22,45,5);
INSERT INTO ratings (user_id,book_id,rating) VALUES (22,47,1);
INSERT INTO ratings (user_id,book_id,rating) VALUES (22,50,1);
INSERT INTO ratings (user_id,book_id,rating) VALUES (22,51,5);
INSERT INTO ratings (user_id,book_id,rating) VALUES (23,1,5);
INSERT INTO ratings (user_id,book_id,rating) VALUES (23,7,5);
INSERT INTO ratings (user_id,book_id,rating) VALUES (23,12,3);
INSERT INTO ratings (user_id,book_id,rating) VALUES (23,13,3);
INSERT INTO ratings (user_id,book_id,rating) VALUES (23,15,1);
INSERT INTO ratings (user_id,book_id,rating) VALUES (23,23,3);
INSERT INTO ratings (user_id,book_id,rating) VALUES (23,24,5);
INSERT INTO ratings (user_id,book_id,rating) VALUES (23,32,1);
INSERT INTO ratings (user_id,book_id,rating) VALUES (23,34,3);
INSERT INTO ratings (user_id,book_id,rating) VALUES (23,38,5);
INSERT INTO ratings (user_id,book_id,rating) VALUES (23,50,-3);
INSERT INTO ratings (user_id,book_id,rating) VALUES (23,51,1);
INSERT INTO ratings (user_id,book_id,rating) VALUES (23,53,1);
INSERT INTO ratings (user_id,book_id,rating) VALUES (23,55,-3);
INSERT INTO ratings (user_id,book_id,rating) VALUES (24,10,-5);
INSERT INTO ratings (user_id,book_id,rating) VALUES (24,12,1);
INSERT INTO ratings (user_id,book_id,rating) VALUES (24,19,1);
INSERT INTO ratings (user_id,book_id,rating) VALUES (24,28,1);
INSERT INTO ratings (user_id,book_id,rating) VALUES (24,29,1);
INSERT INTO ratings (user_id,book_id,rating) VALUES (24,38,3);
INSERT INTO ratings (user_id,book_id,rating) VALUES (24,43,5);
INSERT INTO ratings (user_id,book_id,rating) VALUES (24,50,3);
INSERT INTO ratings (user_id,book_id,rating) VALUES (25,10,1);
INSERT INTO ratings (user_id,book_id,rating) VALUES (25,19,3);
INSERT INTO ratings (user_id,book_id,rating) VALUES (25,24,-3);
INSERT INTO ratings (user_id,book_id,rating) VALUES (25,31,1);
INSERT INTO ratings (user_id,book_id,rating) VALUES (25,32,1);
INSERT INTO ratings (user_id,book_id,rating) VALUES (25,36,-3);
INSERT INTO ratings (user_id,book_id,rating) VALUES (25,39,3);
INSERT INTO ratings (user_id,book_id,rating) VALUES (25,40,1);
INSERT INTO ratings (user_id,book_id,rating) VALUES (25,42,3);
INSERT INTO ratings (user_id,book_id,rating) VALUES (25,43,1);
INSERT INTO ratings (user_id,book_id,rating) VALUES (25,49,3);
INSERT INTO ratings (user_id,book_id,rating) VALUES (25,55,-3);
INSERT INTO ratings (user_id,book_id,rating) VALUES (26,1,5);
INSERT INTO ratings (user_id,book_id,rating) VALUES (26,7,5);
INSERT INTO ratings (user_id,book_id,rating) VALUES (26,10,3);
INSERT INTO ratings (user_id,book_id,rating) VALUES (26,12,5);
INSERT INTO ratings (user_id,book_id,rating) VALUES (26,18,1);
INSERT INTO ratings (user_id,book_id,rating) VALUES (26,33,3);
INSERT INTO ratings (user_id,book_id,rating) VALUES (26,50,5);
INSERT INTO ratings (user_id,book_id,rating) VALUES (26,51,3);
INSERT INTO ratings (user_id,book_id,rating) VALUES (26,53,5);
INSERT INTO ratings (user_id,book_id,rating) VALUES (26,55,3);
INSERT INTO ratings (user_id,book_id,rating) VALUES (27,3,5);
INSERT INTO ratings (user_id,book_id,rating) VALUES (27,8,3);
INSERT INTO ratings (user_id,book_id,rating) VALUES (27,11,1);
INSERT INTO ratings (user_id,book_id,rating) VALUES (27,15,-5);
INSERT INTO ratings (user_id,book_id,rating) VALUES (27,24,5);
INSERT INTO ratings (user_id,book_id,rating) VALUES (27,31,3);
INSERT INTO ratings (user_id,book_id,rating) VALUES (27,32,-5);
INSERT INTO ratings (user_id,book_id,rating) VALUES (27,38,3);
INSERT INTO ratings (user_id,book_id,rating) VALUES (27,43,3);
INSERT INTO ratings (user_id,book_id,rating) VALUES (27,44,3);
INSERT INTO ratings (user_id,book_id,rating) VALUES (27,49,3);
INSERT INTO ratings (user_id,book_id,rating) VALUES (27,51,-3);
INSERT INTO ratings (user_id,book_id,rating) VALUES (27,55,1);
INSERT INTO ratings (user_id,book_id,rating) VALUES (28,2,3);
INSERT INTO ratings (user_id,book_id,rating) VALUES (28,9,1);
INSERT INTO ratings (user_id,book_id,rating) VALUES (28,20,5);
INSERT INTO ratings (user_id,book_id,rating) VALUES (28,32,5);
INSERT INTO ratings (user_id,book_id,rating) VALUES (28,39,5);
INSERT INTO ratings (user_id,book_id,rating) VALUES (28,43,5);
INSERT INTO ratings (user_id,book_id,rating) VALUES (28,47,3);
INSERT INTO ratings (user_id,book_id,rating) VALUES (28,50,5);
INSERT INTO ratings (user_id,book_id,rating) VALUES (28,51,5);
INSERT INTO ratings (user_id,book_id,rating) VALUES (28,55,1);
INSERT INTO ratings (user_id,book_id,rating) VALUES (29,2,5);
INSERT INTO ratings (user_id,book_id,rating) VALUES (29,10,1);
INSERT INTO ratings (user_id,book_id,rating) VALUES (29,24,3);
INSERT INTO ratings (user_id,book_id,rating) VALUES (29,31,5);
INSERT INTO ratings (user_id,book_id,rating) VALUES (29,38,3);
INSERT INTO ratings (user_id,book_id,rating) VALUES (29,49,5);
INSERT INTO ratings (user_id,book_id,rating) VALUES (30,19,5);
INSERT INTO ratings (user_id,book_id,rating) VALUES (30,29,5);
INSERT INTO ratings (user_id,book_id,rating) VALUES (30,32,5);
INSERT INTO ratings (user_id,book_id,rating) VALUES (30,34,3);
INSERT INTO ratings (user_id,book_id,rating) VALUES (30,43,5);
INSERT INTO ratings (user_id,book_id,rating) VALUES (31,1,1);
INSERT INTO ratings (user_id,book_id,rating) VALUES (31,15,1);
INSERT INTO ratings (user_id,book_id,rating) VALUES (31,19,1);
INSERT INTO ratings (user_id,book_id,rating) VALUES (31,24,3);
INSERT INTO ratings (user_id,book_id,rating) VALUES (31,31,-3);
INSERT INTO ratings (user_id,book_id,rating) VALUES (31,38,3);
INSERT INTO ratings (user_id,book_id,rating) VALUES (31,55,3);
INSERT INTO ratings (user_id,book_id,rating) VALUES (32,8,-3);
INSERT INTO ratings (user_id,book_id,rating) VALUES (32,10,3);
INSERT INTO ratings (user_id,book_id,rating) VALUES (32,11,1);
INSERT INTO ratings (user_id,book_id,rating) VALUES (32,19,3);
INSERT INTO ratings (user_id,book_id,rating) VALUES (32,20,5);
INSERT INTO ratings (user_id,book_id,rating) VALUES (32,24,3);
INSERT INTO ratings (user_id,book_id,rating) VALUES (32,31,3);
INSERT INTO ratings (user_id,book_id,rating) VALUES (32,36,-5);
INSERT INTO ratings (user_id,book_id,rating) VALUES (32,40,1);
INSERT INTO ratings (user_id,book_id,rating) VALUES (32,43,5);
INSERT INTO ratings (user_id,book_id,rating) VALUES (32,44,3);
INSERT INTO ratings (user_id,book_id,rating) VALUES (32,45,3);
INSERT INTO ratings (user_id,book_id,rating) VALUES (32,49,1);
INSERT INTO ratings (user_id,book_id,rating) VALUES (32,55,5);
