INSERT INTO books (id,title,author) VALUES (1, 'The Hitchhiker''s Guide To The Galaxy', 'Douglas Adams');
INSERT INTO books (id,title,author) VALUES (2, 'Watership Down', 'Richard Adams');
INSERT INTO books (id,title,author) VALUES (3, 'The Five People You Meet in Heaven', 'Mitch Albom');
INSERT INTO books (id,title,author) VALUES (4, 'Speak', 'Laurie Halse Anderson');
INSERT INTO books (id,title,author) VALUES (5, 'I Know Why the Caged Bird Sings', 'Maya Angelou');
INSERT INTO books (id,title,author) VALUES (6, 'Thirteen Reasons Why', 'Jay Asher');
INSERT INTO books (id,title,author) VALUES (7, 'Foundation Series', 'Isaac Asimov');
INSERT INTO books (id,title,author) VALUES (8, 'The Sisterhood of the Travelling Pants', 'Ann Brashares');
INSERT INTO books (id,title,author) VALUES (9, 'A Great and Terrible Beauty', 'Libba Bray');
INSERT INTO books (id,title,author) VALUES (10, 'The Da Vinci Code', 'Dan Brown');
INSERT INTO books (id,title,author) VALUES (11, 'The Princess Diaries', 'Meg Cabot');
INSERT INTO books (id,title,author) VALUES (12, 'Ender''s Game', 'Orson Scott Card');
INSERT INTO books (id,title,author) VALUES (13, 'The Hunt for Red October', 'Tom Clancy');
INSERT INTO books (id,title,author) VALUES (14, 'The Hunger Games', 'Suzanne Collins');
INSERT INTO books (id,title,author) VALUES (15, 'The Great Gatsby', 'F. Scott Fitzgerald');
INSERT INTO books (id,title,author) VALUES (16, 'Ranger''s Apprentice Series', 'John Flanagan');
INSERT INTO books (id,title,author) VALUES (17, 'Inkheart', 'Cornelia Funke');
INSERT INTO books (id,title,author) VALUES (18, 'Neuromancer', 'William Gibson');
INSERT INTO books (id,title,author) VALUES (19, 'Lord of the Flies', 'William Golding');
INSERT INTO books (id,title,author) VALUES (20, 'The Princess Bride', 'William Goldman');
INSERT INTO books (id,title,author) VALUES (21, 'Dinotopia: A Land Apart from Time', 'James Gurney');
INSERT INTO books (id,title,author) VALUES (22, 'Far North', 'Will Hobbs');
INSERT INTO books (id,title,author) VALUES (23, 'Practical Magic', 'Alice Hoffman');
INSERT INTO books (id,title,author) VALUES (24, 'Brave New World', 'Aldous Huxley');
INSERT INTO books (id,title,author) VALUES (25, 'The Summer Tree', 'Guy Gavriel Kay');
INSERT INTO books (id,title,author) VALUES (26, 'Flowers For Algernon', 'Daniel Keyes');
INSERT INTO books (id,title,author) VALUES (27, 'Owl in Love', 'Patrice Kindl');
INSERT INTO books (id,title,author) VALUES (28, 'Naruto', 'Masashi Kishimoto');
INSERT INTO books (id,title,author) VALUES (29, 'Bleach (graphic novel)', 'Tite Kubo');
INSERT INTO books (id,title,author) VALUES (30, 'Kiss the Dust', 'Elizabeth Laird');
INSERT INTO books (id,title,author) VALUES (31, 'To Kill a Mockingbird', 'Harper Lee');
INSERT INTO books (id,title,author) VALUES (32, 'The Lion the Witch and the Wardrobe', 'C S Lewis');
INSERT INTO books (id,title,author) VALUES (33, 'The Bourne Series', 'Robert Ludlum');
INSERT INTO books (id,title,author) VALUES (34, 'Life of Pi', 'Yann Martel');
INSERT INTO books (id,title,author) VALUES (35, 'Breathless', 'Lurlene McDaniel');
INSERT INTO books (id,title,author) VALUES (36, 'Twilight Series', 'Stephenie Meyer');
INSERT INTO books (id,title,author) VALUES (37, 'Sabriel', 'Garth Nix');
INSERT INTO books (id,title,author) VALUES (38, 'Nineteen Eighty-Four (1984)', 'George Orwell');
INSERT INTO books (id,title,author) VALUES (39, 'Eragon', 'Christopher Paolini');
INSERT INTO books (id,title,author) VALUES (40, 'Hatchet', 'Gary Paulsen');
INSERT INTO books (id,title,author) VALUES (41, 'My Sister''s Keeper', 'Jodi Picoult');
INSERT INTO books (id,title,author) VALUES (42, 'The Golden Compass', 'Philip Pullman');
INSERT INTO books (id,title,author) VALUES (43, 'Harry Potter Series', 'J.K. Rowling');
INSERT INTO books (id,title,author) VALUES (44, 'Holes', 'Louis Sachar');
INSERT INTO books (id,title,author) VALUES (45, 'Shonen Jump Series', 'Shueisha');
INSERT INTO books (id,title,author) VALUES (46, 'The Shadow Club', 'Neil Shusterman');
INSERT INTO books (id,title,author) VALUES (47, 'Bone Series', 'Jeff Smith');
INSERT INTO books (id,title,author) VALUES (48, 'Maus: A Survivor''s Tale', 'Art Spiegelman');
INSERT INTO books (id,title,author) VALUES (49, 'The Joy Luck Club', 'Amy Tan');
INSERT INTO books (id,title,author) VALUES (50, 'The Lord of the Rings', 'J R R Tolkien');
INSERT INTO books (id,title,author) VALUES (51, 'The Hobbit', 'J R R Tolkien');
INSERT INTO books (id,title,author) VALUES (52, 'Shattered', 'Eric Walters');
INSERT INTO books (id,title,author) VALUES (53, 'The War Of The Worlds', 'H G Wells');
INSERT INTO books (id,title,author) VALUES (54, 'Dealing with Dragons', 'Patricia C. Wrede');
INSERT INTO books (id,title,author) VALUES (55, 'The Chrysalids', 'John Wyndham');

ALTER SEQUENCE books_id_seq RESTART 56 ;

INSERT INTO users (id,name) VALUES (1,	'Mogens');
INSERT INTO users (id,name) VALUES (2,	'Aphra');
INSERT INTO users (id,name) VALUES (3,	'Jozica');
INSERT INTO users (id,name) VALUES (4,	'Sanda');
INSERT INTO users (id,name) VALUES (5,	'Indira');
INSERT INTO users (id,name) VALUES (6,	'Sophia');
INSERT INTO users (id,name) VALUES (7,	'Eberhard');
INSERT INTO users (id,name) VALUES (8,	'Onyekachi');
INSERT INTO users (id,name) VALUES (9,	'Sabriye');
INSERT INTO users (id,name) VALUES (10,	'Julian');
INSERT INTO users (id,name) VALUES (11,	'Maimu');
INSERT INTO users (id,name) VALUES (12,	'Ambrose');
INSERT INTO users (id,name) VALUES (13,	'Rudite');
INSERT INTO users (id,name) VALUES (14,	'Tatiana');
INSERT INTO users (id,name) VALUES (15,	'Rahul');
INSERT INTO users (id,name) VALUES (16,	'Raisa');
INSERT INTO users (id,name) VALUES (17,	'Kai');
INSERT INTO users (id,name) VALUES (18,	'Sneha');
INSERT INTO users (id,name) VALUES (19,	'Feidelm');
INSERT INTO users (id,name) VALUES (20,	'Gocha');
INSERT INTO users (id,name) VALUES (21,	'Sandra');
INSERT INTO users (id,name) VALUES (22,	'Gustav');
INSERT INTO users (id,name) VALUES (23,	'Hariwini');
INSERT INTO users (id,name) VALUES (24,	'Domonkos');
INSERT INTO users (id,name) VALUES (25,	'Meliton');
INSERT INTO users (id,name) VALUES (26,	'Anso');
INSERT INTO users (id,name) VALUES (27,	'Natasha');
INSERT INTO users (id,name) VALUES (28,	'Magnus');
INSERT INTO users (id,name) VALUES (29,	'Pradeep');
INSERT INTO users (id,name) VALUES (30,	'Kajal');
INSERT INTO users (id,name) VALUES (31,	'Bob');
INSERT INTO users (id,name) VALUES (32,	'Mary');

ALTER SEQUENCE users_id_seq RESTART 33 ;

INSERT INTO ratings (user_id,book_id,rating) VALUES (1,1,5);
INSERT INTO ratings (user_id,book_id,rating) VALUES (1,2,0);
INSERT INTO ratings (user_id,book_id,rating) VALUES (1,3,0);
INSERT INTO ratings (user_id,book_id,rating) VALUES (1,4,0);
INSERT INTO ratings (user_id,book_id,rating) VALUES (1,5,0);
INSERT INTO ratings (user_id,book_id,rating) VALUES (1,6,0);
INSERT INTO ratings (user_id,book_id,rating) VALUES (1,7,0);
INSERT INTO ratings (user_id,book_id,rating) VALUES (1,8,1);
INSERT INTO ratings (user_id,book_id,rating) VALUES (1,9,0);
INSERT INTO ratings (user_id,book_id,rating) VALUES (1,10,1);
INSERT INTO ratings (user_id,book_id,rating) VALUES (1,11,-3);
INSERT INTO ratings (user_id,book_id,rating) VALUES (1,12,5);
INSERT INTO ratings (user_id,book_id,rating) VALUES (1,13,0);
INSERT INTO ratings (user_id,book_id,rating) VALUES (1,14,0);
INSERT INTO ratings (user_id,book_id,rating) VALUES (1,15,0);
INSERT INTO ratings (user_id,book_id,rating) VALUES (1,16,5);
INSERT INTO ratings (user_id,book_id,rating) VALUES (1,17,5);
INSERT INTO ratings (user_id,book_id,rating) VALUES (1,18,0);
INSERT INTO ratings (user_id,book_id,rating) VALUES (1,19,0);
INSERT INTO ratings (user_id,book_id,rating) VALUES (1,20,0);
INSERT INTO ratings (user_id,book_id,rating) VALUES (1,21,0);
INSERT INTO ratings (user_id,book_id,rating) VALUES (1,22,5);
INSERT INTO ratings (user_id,book_id,rating) VALUES (1,23,0);
INSERT INTO ratings (user_id,book_id,rating) VALUES (1,24,0);
INSERT INTO ratings (user_id,book_id,rating) VALUES (1,25,0);
INSERT INTO ratings (user_id,book_id,rating) VALUES (1,26,0);
INSERT INTO ratings (user_id,book_id,rating) VALUES (1,27,0);
INSERT INTO ratings (user_id,book_id,rating) VALUES (1,28,0);
INSERT INTO ratings (user_id,book_id,rating) VALUES (1,29,0);
INSERT INTO ratings (user_id,book_id,rating) VALUES (1,30,0);
INSERT INTO ratings (user_id,book_id,rating) VALUES (1,31,1);
INSERT INTO ratings (user_id,book_id,rating) VALUES (1,32,3);
INSERT INTO ratings (user_id,book_id,rating) VALUES (1,33,0);
INSERT INTO ratings (user_id,book_id,rating) VALUES (1,34,1);
INSERT INTO ratings (user_id,book_id,rating) VALUES (1,35,0);
INSERT INTO ratings (user_id,book_id,rating) VALUES (1,36,-5);
INSERT INTO ratings (user_id,book_id,rating) VALUES (1,37,0);
INSERT INTO ratings (user_id,book_id,rating) VALUES (1,38,0);
INSERT INTO ratings (user_id,book_id,rating) VALUES (1,39,5);
INSERT INTO ratings (user_id,book_id,rating) VALUES (1,40,5);
INSERT INTO ratings (user_id,book_id,rating) VALUES (1,41,0);
INSERT INTO ratings (user_id,book_id,rating) VALUES (1,42,5);
INSERT INTO ratings (user_id,book_id,rating) VALUES (1,43,5);
INSERT INTO ratings (user_id,book_id,rating) VALUES (1,44,5);
INSERT INTO ratings (user_id,book_id,rating) VALUES (1,45,0);
INSERT INTO ratings (user_id,book_id,rating) VALUES (1,46,5);
INSERT INTO ratings (user_id,book_id,rating) VALUES (1,47,5);
INSERT INTO ratings (user_id,book_id,rating) VALUES (1,48,0);
INSERT INTO ratings (user_id,book_id,rating) VALUES (1,49,0);
INSERT INTO ratings (user_id,book_id,rating) VALUES (1,50,0);
INSERT INTO ratings (user_id,book_id,rating) VALUES (1,51,5);
INSERT INTO ratings (user_id,book_id,rating) VALUES (1,52,5);
INSERT INTO ratings (user_id,book_id,rating) VALUES (1,53,5);
INSERT INTO ratings (user_id,book_id,rating) VALUES (1,54,5);
INSERT INTO ratings (user_id,book_id,rating) VALUES (1,55,-5);
INSERT INTO ratings (user_id,book_id,rating) VALUES (2,1,5);
INSERT INTO ratings (user_id,book_id,rating) VALUES (2,2,5);
INSERT INTO ratings (user_id,book_id,rating) VALUES (2,3,0);
INSERT INTO ratings (user_id,book_id,rating) VALUES (2,4,0);
INSERT INTO ratings (user_id,book_id,rating) VALUES (2,5,0);
INSERT INTO ratings (user_id,book_id,rating) VALUES (2,6,0);
INSERT INTO ratings (user_id,book_id,rating) VALUES (2,7,3);
INSERT INTO ratings (user_id,book_id,rating) VALUES (2,8,0);
INSERT INTO ratings (user_id,book_id,rating) VALUES (2,9,0);
INSERT INTO ratings (user_id,book_id,rating) VALUES (2,10,1);
INSERT INTO ratings (user_id,book_id,rating) VALUES (2,11,0);
INSERT INTO ratings (user_id,book_id,rating) VALUES (2,12,5);
INSERT INTO ratings (user_id,book_id,rating) VALUES (2,13,3);
INSERT INTO ratings (user_id,book_id,rating) VALUES (2,14,0);
INSERT INTO ratings (user_id,book_id,rating) VALUES (2,15,5);
INSERT INTO ratings (user_id,book_id,rating) VALUES (2,16,0);
INSERT INTO ratings (user_id,book_id,rating) VALUES (2,17,3);
INSERT INTO ratings (user_id,book_id,rating) VALUES (2,18,3);
INSERT INTO ratings (user_id,book_id,rating) VALUES (2,19,5);
INSERT INTO ratings (user_id,book_id,rating) VALUES (2,20,0);
INSERT INTO ratings (user_id,book_id,rating) VALUES (2,21,0);
INSERT INTO ratings (user_id,book_id,rating) VALUES (2,22,0);
INSERT INTO ratings (user_id,book_id,rating) VALUES (2,23,0);
INSERT INTO ratings (user_id,book_id,rating) VALUES (2,24,0);
INSERT INTO ratings (user_id,book_id,rating) VALUES (2,25,5);
INSERT INTO ratings (user_id,book_id,rating) VALUES (2,26,0);
INSERT INTO ratings (user_id,book_id,rating) VALUES (2,27,0);
INSERT INTO ratings (user_id,book_id,rating) VALUES (2,28,0);
INSERT INTO ratings (user_id,book_id,rating) VALUES (2,29,0);
INSERT INTO ratings (user_id,book_id,rating) VALUES (2,30,0);
INSERT INTO ratings (user_id,book_id,rating) VALUES (2,31,3);
INSERT INTO ratings (user_id,book_id,rating) VALUES (2,32,5);
INSERT INTO ratings (user_id,book_id,rating) VALUES (2,33,0);
INSERT INTO ratings (user_id,book_id,rating) VALUES (2,34,0);
INSERT INTO ratings (user_id,book_id,rating) VALUES (2,35,0);
INSERT INTO ratings (user_id,book_id,rating) VALUES (2,36,0);
INSERT INTO ratings (user_id,book_id,rating) VALUES (2,37,0);
INSERT INTO ratings (user_id,book_id,rating) VALUES (2,38,5);
INSERT INTO ratings (user_id,book_id,rating) VALUES (2,39,-3);
INSERT INTO ratings (user_id,book_id,rating) VALUES (2,40,0);
INSERT INTO ratings (user_id,book_id,rating) VALUES (2,41,0);
INSERT INTO ratings (user_id,book_id,rating) VALUES (2,42,0);
INSERT INTO ratings (user_id,book_id,rating) VALUES (2,43,5);
INSERT INTO ratings (user_id,book_id,rating) VALUES (2,44,0);
INSERT INTO ratings (user_id,book_id,rating) VALUES (2,45,0);
INSERT INTO ratings (user_id,book_id,rating) VALUES (2,46,0);
INSERT INTO ratings (user_id,book_id,rating) VALUES (2,47,0);
INSERT INTO ratings (user_id,book_id,rating) VALUES (2,48,0);
INSERT INTO ratings (user_id,book_id,rating) VALUES (2,49,0);
INSERT INTO ratings (user_id,book_id,rating) VALUES (2,50,5);
INSERT INTO ratings (user_id,book_id,rating) VALUES (2,51,5);
INSERT INTO ratings (user_id,book_id,rating) VALUES (2,52,0);
INSERT INTO ratings (user_id,book_id,rating) VALUES (2,53,3);
INSERT INTO ratings (user_id,book_id,rating) VALUES (2,54,0);
INSERT INTO ratings (user_id,book_id,rating) VALUES (2,55,0);
INSERT INTO ratings (user_id,book_id,rating) VALUES (3,1,5);
INSERT INTO ratings (user_id,book_id,rating) VALUES (3,2,-5);
INSERT INTO ratings (user_id,book_id,rating) VALUES (3,3,0);
INSERT INTO ratings (user_id,book_id,rating) VALUES (3,4,0);
INSERT INTO ratings (user_id,book_id,rating) VALUES (3,5,0);
INSERT INTO ratings (user_id,book_id,rating) VALUES (3,6,0);
INSERT INTO ratings (user_id,book_id,rating) VALUES (3,7,-3);
INSERT INTO ratings (user_id,book_id,rating) VALUES (3,8,-5);
INSERT INTO ratings (user_id,book_id,rating) VALUES (3,9,0);
INSERT INTO ratings (user_id,book_id,rating) VALUES (3,10,1);
INSERT INTO ratings (user_id,book_id,rating) VALUES (3,11,-5);
INSERT INTO ratings (user_id,book_id,rating) VALUES (3,12,5);
INSERT INTO ratings (user_id,book_id,rating) VALUES (3,13,0);
INSERT INTO ratings (user_id,book_id,rating) VALUES (3,14,1);
INSERT INTO ratings (user_id,book_id,rating) VALUES (3,15,0);
INSERT INTO ratings (user_id,book_id,rating) VALUES (3,16,1);
INSERT INTO ratings (user_id,book_id,rating) VALUES (3,17,-3);
INSERT INTO ratings (user_id,book_id,rating) VALUES (3,18,1);
INSERT INTO ratings (user_id,book_id,rating) VALUES (3,19,-5);
INSERT INTO ratings (user_id,book_id,rating) VALUES (3,20,0);
INSERT INTO ratings (user_id,book_id,rating) VALUES (3,21,0);
INSERT INTO ratings (user_id,book_id,rating) VALUES (3,22,0);
INSERT INTO ratings (user_id,book_id,rating) VALUES (3,23,0);
INSERT INTO ratings (user_id,book_id,rating) VALUES (3,24,0);
INSERT INTO ratings (user_id,book_id,rating) VALUES (3,25,0);
INSERT INTO ratings (user_id,book_id,rating) VALUES (3,26,3);
INSERT INTO ratings (user_id,book_id,rating) VALUES (3,27,0);
INSERT INTO ratings (user_id,book_id,rating) VALUES (3,28,0);
INSERT INTO ratings (user_id,book_id,rating) VALUES (3,29,0);
INSERT INTO ratings (user_id,book_id,rating) VALUES (3,30,0);
INSERT INTO ratings (user_id,book_id,rating) VALUES (3,31,-5);
INSERT INTO ratings (user_id,book_id,rating) VALUES (3,32,1);
INSERT INTO ratings (user_id,book_id,rating) VALUES (3,33,0);
INSERT INTO ratings (user_id,book_id,rating) VALUES (3,34,1);
INSERT INTO ratings (user_id,book_id,rating) VALUES (3,35,0);
INSERT INTO ratings (user_id,book_id,rating) VALUES (3,36,-5);
INSERT INTO ratings (user_id,book_id,rating) VALUES (3,37,0);
INSERT INTO ratings (user_id,book_id,rating) VALUES (3,38,3);
INSERT INTO ratings (user_id,book_id,rating) VALUES (3,39,-3);
INSERT INTO ratings (user_id,book_id,rating) VALUES (3,40,3);
INSERT INTO ratings (user_id,book_id,rating) VALUES (3,41,0);
INSERT INTO ratings (user_id,book_id,rating) VALUES (3,42,1);
INSERT INTO ratings (user_id,book_id,rating) VALUES (3,43,5);
INSERT INTO ratings (user_id,book_id,rating) VALUES (3,44,1);
INSERT INTO ratings (user_id,book_id,rating) VALUES (3,45,0);
INSERT INTO ratings (user_id,book_id,rating) VALUES (3,46,0);
INSERT INTO ratings (user_id,book_id,rating) VALUES (3,47,0);
INSERT INTO ratings (user_id,book_id,rating) VALUES (3,48,0);
INSERT INTO ratings (user_id,book_id,rating) VALUES (3,49,0);
INSERT INTO ratings (user_id,book_id,rating) VALUES (3,50,1);
INSERT INTO ratings (user_id,book_id,rating) VALUES (3,51,3);
INSERT INTO ratings (user_id,book_id,rating) VALUES (3,52,1);
INSERT INTO ratings (user_id,book_id,rating) VALUES (3,53,5);
INSERT INTO ratings (user_id,book_id,rating) VALUES (3,54,1);
INSERT INTO ratings (user_id,book_id,rating) VALUES (3,55,3);
INSERT INTO ratings (user_id,book_id,rating) VALUES (4,1,3);
INSERT INTO ratings (user_id,book_id,rating) VALUES (4,2,3);
INSERT INTO ratings (user_id,book_id,rating) VALUES (4,3,5);
INSERT INTO ratings (user_id,book_id,rating) VALUES (4,4,0);
INSERT INTO ratings (user_id,book_id,rating) VALUES (4,5,0);
INSERT INTO ratings (user_id,book_id,rating) VALUES (4,6,0);
INSERT INTO ratings (user_id,book_id,rating) VALUES (4,7,3);
INSERT INTO ratings (user_id,book_id,rating) VALUES (4,8,0);
INSERT INTO ratings (user_id,book_id,rating) VALUES (4,9,0);
INSERT INTO ratings (user_id,book_id,rating) VALUES (4,10,3);
INSERT INTO ratings (user_id,book_id,rating) VALUES (4,11,0);
INSERT INTO ratings (user_id,book_id,rating) VALUES (4,12,3);
INSERT INTO ratings (user_id,book_id,rating) VALUES (4,13,0);
INSERT INTO ratings (user_id,book_id,rating) VALUES (4,14,0);
INSERT INTO ratings (user_id,book_id,rating) VALUES (4,15,0);
INSERT INTO ratings (user_id,book_id,rating) VALUES (4,16,0);
INSERT INTO ratings (user_id,book_id,rating) VALUES (4,17,0);
INSERT INTO ratings (user_id,book_id,rating) VALUES (4,18,3);
INSERT INTO ratings (user_id,book_id,rating) VALUES (4,19,0);
INSERT INTO ratings (user_id,book_id,rating) VALUES (4,20,5);
INSERT INTO ratings (user_id,book_id,rating) VALUES (4,21,0);
INSERT INTO ratings (user_id,book_id,rating) VALUES (4,22,0);
INSERT INTO ratings (user_id,book_id,rating) VALUES (4,23,0);
INSERT INTO ratings (user_id,book_id,rating) VALUES (4,24,1);
INSERT INTO ratings (user_id,book_id,rating) VALUES (4,25,3);
INSERT INTO ratings (user_id,book_id,rating) VALUES (4,26,1);
INSERT INTO ratings (user_id,book_id,rating) VALUES (4,27,0);
INSERT INTO ratings (user_id,book_id,rating) VALUES (4,28,0);
INSERT INTO ratings (user_id,book_id,rating) VALUES (4,29,0);
INSERT INTO ratings (user_id,book_id,rating) VALUES (4,30,0);
INSERT INTO ratings (user_id,book_id,rating) VALUES (4,31,0);
INSERT INTO ratings (user_id,book_id,rating) VALUES (4,32,3);
INSERT INTO ratings (user_id,book_id,rating) VALUES (4,33,0);
INSERT INTO ratings (user_id,book_id,rating) VALUES (4,34,3);
INSERT INTO ratings (user_id,book_id,rating) VALUES (4,35,0);
INSERT INTO ratings (user_id,book_id,rating) VALUES (4,36,0);
INSERT INTO ratings (user_id,book_id,rating) VALUES (4,37,0);
INSERT INTO ratings (user_id,book_id,rating) VALUES (4,38,1);
INSERT INTO ratings (user_id,book_id,rating) VALUES (4,39,3);
INSERT INTO ratings (user_id,book_id,rating) VALUES (4,40,0);
INSERT INTO ratings (user_id,book_id,rating) VALUES (4,41,0);
INSERT INTO ratings (user_id,book_id,rating) VALUES (4,42,3);
INSERT INTO ratings (user_id,book_id,rating) VALUES (4,43,3);
INSERT INTO ratings (user_id,book_id,rating) VALUES (4,44,0);
INSERT INTO ratings (user_id,book_id,rating) VALUES (4,45,0);
INSERT INTO ratings (user_id,book_id,rating) VALUES (4,46,0);
INSERT INTO ratings (user_id,book_id,rating) VALUES (4,47,5);
INSERT INTO ratings (user_id,book_id,rating) VALUES (4,48,0);
INSERT INTO ratings (user_id,book_id,rating) VALUES (4,49,0);
INSERT INTO ratings (user_id,book_id,rating) VALUES (4,50,3);
INSERT INTO ratings (user_id,book_id,rating) VALUES (4,51,1);
INSERT INTO ratings (user_id,book_id,rating) VALUES (4,52,0);
INSERT INTO ratings (user_id,book_id,rating) VALUES (4,53,0);
INSERT INTO ratings (user_id,book_id,rating) VALUES (4,54,0);
INSERT INTO ratings (user_id,book_id,rating) VALUES (4,55,0);
INSERT INTO ratings (user_id,book_id,rating) VALUES (5,1,3);
INSERT INTO ratings (user_id,book_id,rating) VALUES (5,2,0);
INSERT INTO ratings (user_id,book_id,rating) VALUES (5,3,0);
INSERT INTO ratings (user_id,book_id,rating) VALUES (5,4,0);
INSERT INTO ratings (user_id,book_id,rating) VALUES (5,5,0);
INSERT INTO ratings (user_id,book_id,rating) VALUES (5,6,0);
INSERT INTO ratings (user_id,book_id,rating) VALUES (5,7,0);
INSERT INTO ratings (user_id,book_id,rating) VALUES (5,8,0);
INSERT INTO ratings (user_id,book_id,rating) VALUES (5,9,0);
INSERT INTO ratings (user_id,book_id,rating) VALUES (5,10,0);
INSERT INTO ratings (user_id,book_id,rating) VALUES (5,11,0);
INSERT INTO ratings (user_id,book_id,rating) VALUES (5,12,0);
INSERT INTO ratings (user_id,book_id,rating) VALUES (5,13,0);
INSERT INTO ratings (user_id,book_id,rating) VALUES (5,14,0);
INSERT INTO ratings (user_id,book_id,rating) VALUES (5,15,0);
INSERT INTO ratings (user_id,book_id,rating) VALUES (5,16,0);
INSERT INTO ratings (user_id,book_id,rating) VALUES (5,17,0);
INSERT INTO ratings (user_id,book_id,rating) VALUES (5,18,0);
INSERT INTO ratings (user_id,book_id,rating) VALUES (5,19,1);
INSERT INTO ratings (user_id,book_id,rating) VALUES (5,20,0);
INSERT INTO ratings (user_id,book_id,rating) VALUES (5,21,0);
INSERT INTO ratings (user_id,book_id,rating) VALUES (5,22,0);
INSERT INTO ratings (user_id,book_id,rating) VALUES (5,23,0);
INSERT INTO ratings (user_id,book_id,rating) VALUES (5,24,0);
INSERT INTO ratings (user_id,book_id,rating) VALUES (5,25,0);
INSERT INTO ratings (user_id,book_id,rating) VALUES (5,26,0);
INSERT INTO ratings (user_id,book_id,rating) VALUES (5,27,0);
INSERT INTO ratings (user_id,book_id,rating) VALUES (5,28,0);
INSERT INTO ratings (user_id,book_id,rating) VALUES (5,29,0);
INSERT INTO ratings (user_id,book_id,rating) VALUES (5,30,0);
INSERT INTO ratings (user_id,book_id,rating) VALUES (5,31,0);
INSERT INTO ratings (user_id,book_id,rating) VALUES (5,32,5);
INSERT INTO ratings (user_id,book_id,rating) VALUES (5,33,0);
INSERT INTO ratings (user_id,book_id,rating) VALUES (5,34,0);
INSERT INTO ratings (user_id,book_id,rating) VALUES (5,35,0);
INSERT INTO ratings (user_id,book_id,rating) VALUES (5,36,0);
INSERT INTO ratings (user_id,book_id,rating) VALUES (5,37,0);
INSERT INTO ratings (user_id,book_id,rating) VALUES (5,38,3);
INSERT INTO ratings (user_id,book_id,rating) VALUES (5,39,1);
INSERT INTO ratings (user_id,book_id,rating) VALUES (5,40,0);
INSERT INTO ratings (user_id,book_id,rating) VALUES (5,41,0);
INSERT INTO ratings (user_id,book_id,rating) VALUES (5,42,0);
INSERT INTO ratings (user_id,book_id,rating) VALUES (5,43,3);
INSERT INTO ratings (user_id,book_id,rating) VALUES (5,44,0);
INSERT INTO ratings (user_id,book_id,rating) VALUES (5,45,0);
INSERT INTO ratings (user_id,book_id,rating) VALUES (5,46,0);
INSERT INTO ratings (user_id,book_id,rating) VALUES (5,47,3);
INSERT INTO ratings (user_id,book_id,rating) VALUES (5,48,0);
INSERT INTO ratings (user_id,book_id,rating) VALUES (5,49,3);
INSERT INTO ratings (user_id,book_id,rating) VALUES (5,50,3);
INSERT INTO ratings (user_id,book_id,rating) VALUES (5,51,5);
INSERT INTO ratings (user_id,book_id,rating) VALUES (5,52,0);
INSERT INTO ratings (user_id,book_id,rating) VALUES (5,53,3);
INSERT INTO ratings (user_id,book_id,rating) VALUES (5,54,0);
INSERT INTO ratings (user_id,book_id,rating) VALUES (5,55,3);
INSERT INTO ratings (user_id,book_id,rating) VALUES (6,1,3);
INSERT INTO ratings (user_id,book_id,rating) VALUES (6,2,3);
INSERT INTO ratings (user_id,book_id,rating) VALUES (6,3,5);
INSERT INTO ratings (user_id,book_id,rating) VALUES (6,4,0);
INSERT INTO ratings (user_id,book_id,rating) VALUES (6,5,0);
INSERT INTO ratings (user_id,book_id,rating) VALUES (6,6,0);
INSERT INTO ratings (user_id,book_id,rating) VALUES (6,7,3);
INSERT INTO ratings (user_id,book_id,rating) VALUES (6,8,0);
INSERT INTO ratings (user_id,book_id,rating) VALUES (6,9,0);
INSERT INTO ratings (user_id,book_id,rating) VALUES (6,10,3);
INSERT INTO ratings (user_id,book_id,rating) VALUES (6,11,0);
INSERT INTO ratings (user_id,book_id,rating) VALUES (6,12,3);
INSERT INTO ratings (user_id,book_id,rating) VALUES (6,13,0);
INSERT INTO ratings (user_id,book_id,rating) VALUES (6,14,0);
INSERT INTO ratings (user_id,book_id,rating) VALUES (6,15,0);
INSERT INTO ratings (user_id,book_id,rating) VALUES (6,16,0);
INSERT INTO ratings (user_id,book_id,rating) VALUES (6,17,0);
INSERT INTO ratings (user_id,book_id,rating) VALUES (6,18,3);
INSERT INTO ratings (user_id,book_id,rating) VALUES (6,19,0);
INSERT INTO ratings (user_id,book_id,rating) VALUES (6,20,5);
INSERT INTO ratings (user_id,book_id,rating) VALUES (6,21,0);
INSERT INTO ratings (user_id,book_id,rating) VALUES (6,22,0);
INSERT INTO ratings (user_id,book_id,rating) VALUES (6,23,0);
INSERT INTO ratings (user_id,book_id,rating) VALUES (6,24,1);
INSERT INTO ratings (user_id,book_id,rating) VALUES (6,25,3);
INSERT INTO ratings (user_id,book_id,rating) VALUES (6,26,1);
INSERT INTO ratings (user_id,book_id,rating) VALUES (6,27,0);
INSERT INTO ratings (user_id,book_id,rating) VALUES (6,28,0);
INSERT INTO ratings (user_id,book_id,rating) VALUES (6,29,0);
INSERT INTO ratings (user_id,book_id,rating) VALUES (6,30,0);
INSERT INTO ratings (user_id,book_id,rating) VALUES (6,31,0);
INSERT INTO ratings (user_id,book_id,rating) VALUES (6,32,3);
INSERT INTO ratings (user_id,book_id,rating) VALUES (6,33,0);
INSERT INTO ratings (user_id,book_id,rating) VALUES (6,34,3);
INSERT INTO ratings (user_id,book_id,rating) VALUES (6,35,0);
INSERT INTO ratings (user_id,book_id,rating) VALUES (6,36,0);
INSERT INTO ratings (user_id,book_id,rating) VALUES (6,37,0);
INSERT INTO ratings (user_id,book_id,rating) VALUES (6,38,1);
INSERT INTO ratings (user_id,book_id,rating) VALUES (6,39,3);
INSERT INTO ratings (user_id,book_id,rating) VALUES (6,40,0);
INSERT INTO ratings (user_id,book_id,rating) VALUES (6,41,0);
INSERT INTO ratings (user_id,book_id,rating) VALUES (6,42,3);
INSERT INTO ratings (user_id,book_id,rating) VALUES (6,43,3);
INSERT INTO ratings (user_id,book_id,rating) VALUES (6,44,0);
INSERT INTO ratings (user_id,book_id,rating) VALUES (6,45,0);
INSERT INTO ratings (user_id,book_id,rating) VALUES (6,46,0);
INSERT INTO ratings (user_id,book_id,rating) VALUES (6,47,5);
INSERT INTO ratings (user_id,book_id,rating) VALUES (6,48,0);
INSERT INTO ratings (user_id,book_id,rating) VALUES (6,49,0);
INSERT INTO ratings (user_id,book_id,rating) VALUES (6,50,3);
INSERT INTO ratings (user_id,book_id,rating) VALUES (6,51,1);
INSERT INTO ratings (user_id,book_id,rating) VALUES (6,52,0);
INSERT INTO ratings (user_id,book_id,rating) VALUES (6,53,0);
INSERT INTO ratings (user_id,book_id,rating) VALUES (6,54,0);
INSERT INTO ratings (user_id,book_id,rating) VALUES (6,55,0);
INSERT INTO ratings (user_id,book_id,rating) VALUES (7,1,5);
INSERT INTO ratings (user_id,book_id,rating) VALUES (7,2,3);
INSERT INTO ratings (user_id,book_id,rating) VALUES (7,3,0);
INSERT INTO ratings (user_id,book_id,rating) VALUES (7,4,0);
INSERT INTO ratings (user_id,book_id,rating) VALUES (7,5,0);
INSERT INTO ratings (user_id,book_id,rating) VALUES (7,6,0);
INSERT INTO ratings (user_id,book_id,rating) VALUES (7,7,3);
INSERT INTO ratings (user_id,book_id,rating) VALUES (7,8,0);
INSERT INTO ratings (user_id,book_id,rating) VALUES (7,9,0);
INSERT INTO ratings (user_id,book_id,rating) VALUES (7,10,0);
INSERT INTO ratings (user_id,book_id,rating) VALUES (7,11,0);
INSERT INTO ratings (user_id,book_id,rating) VALUES (7,12,0);
INSERT INTO ratings (user_id,book_id,rating) VALUES (7,13,0);
INSERT INTO ratings (user_id,book_id,rating) VALUES (7,14,0);
INSERT INTO ratings (user_id,book_id,rating) VALUES (7,15,1);
INSERT INTO ratings (user_id,book_id,rating) VALUES (7,16,0);
INSERT INTO ratings (user_id,book_id,rating) VALUES (7,17,0);
INSERT INTO ratings (user_id,book_id,rating) VALUES (7,18,0);
INSERT INTO ratings (user_id,book_id,rating) VALUES (7,19,0);
INSERT INTO ratings (user_id,book_id,rating) VALUES (7,20,0);
INSERT INTO ratings (user_id,book_id,rating) VALUES (7,21,0);
INSERT INTO ratings (user_id,book_id,rating) VALUES (7,22,0);
INSERT INTO ratings (user_id,book_id,rating) VALUES (7,23,0);
INSERT INTO ratings (user_id,book_id,rating) VALUES (7,24,3);
INSERT INTO ratings (user_id,book_id,rating) VALUES (7,25,0);
INSERT INTO ratings (user_id,book_id,rating) VALUES (7,26,3);
INSERT INTO ratings (user_id,book_id,rating) VALUES (7,27,0);
INSERT INTO ratings (user_id,book_id,rating) VALUES (7,28,0);
INSERT INTO ratings (user_id,book_id,rating) VALUES (7,29,0);
INSERT INTO ratings (user_id,book_id,rating) VALUES (7,30,0);
INSERT INTO ratings (user_id,book_id,rating) VALUES (7,31,0);
INSERT INTO ratings (user_id,book_id,rating) VALUES (7,32,5);
INSERT INTO ratings (user_id,book_id,rating) VALUES (7,33,0);
INSERT INTO ratings (user_id,book_id,rating) VALUES (7,34,5);
INSERT INTO ratings (user_id,book_id,rating) VALUES (7,35,0);
INSERT INTO ratings (user_id,book_id,rating) VALUES (7,36,0);
INSERT INTO ratings (user_id,book_id,rating) VALUES (7,37,0);
INSERT INTO ratings (user_id,book_id,rating) VALUES (7,38,0);
INSERT INTO ratings (user_id,book_id,rating) VALUES (7,39,0);
INSERT INTO ratings (user_id,book_id,rating) VALUES (7,40,0);
INSERT INTO ratings (user_id,book_id,rating) VALUES (7,41,0);
INSERT INTO ratings (user_id,book_id,rating) VALUES (7,42,0);
INSERT INTO ratings (user_id,book_id,rating) VALUES (7,43,0);
INSERT INTO ratings (user_id,book_id,rating) VALUES (7,44,0);
INSERT INTO ratings (user_id,book_id,rating) VALUES (7,45,0);
INSERT INTO ratings (user_id,book_id,rating) VALUES (7,46,0);
INSERT INTO ratings (user_id,book_id,rating) VALUES (7,47,0);
INSERT INTO ratings (user_id,book_id,rating) VALUES (7,48,0);
INSERT INTO ratings (user_id,book_id,rating) VALUES (7,49,3);
INSERT INTO ratings (user_id,book_id,rating) VALUES (7,50,3);
INSERT INTO ratings (user_id,book_id,rating) VALUES (7,51,3);
INSERT INTO ratings (user_id,book_id,rating) VALUES (7,52,0);
INSERT INTO ratings (user_id,book_id,rating) VALUES (7,53,0);
INSERT INTO ratings (user_id,book_id,rating) VALUES (7,54,0);
INSERT INTO ratings (user_id,book_id,rating) VALUES (7,55,0);
INSERT INTO ratings (user_id,book_id,rating) VALUES (8,1,0);
INSERT INTO ratings (user_id,book_id,rating) VALUES (8,2,0);
INSERT INTO ratings (user_id,book_id,rating) VALUES (8,3,0);
INSERT INTO ratings (user_id,book_id,rating) VALUES (8,4,0);
INSERT INTO ratings (user_id,book_id,rating) VALUES (8,5,0);
INSERT INTO ratings (user_id,book_id,rating) VALUES (8,6,0);
INSERT INTO ratings (user_id,book_id,rating) VALUES (8,7,0);
INSERT INTO ratings (user_id,book_id,rating) VALUES (8,8,0);
INSERT INTO ratings (user_id,book_id,rating) VALUES (8,9,0);
INSERT INTO ratings (user_id,book_id,rating) VALUES (8,10,0);
INSERT INTO ratings (user_id,book_id,rating) VALUES (8,11,0);
INSERT INTO ratings (user_id,book_id,rating) VALUES (8,12,0);
INSERT INTO ratings (user_id,book_id,rating) VALUES (8,13,0);
INSERT INTO ratings (user_id,book_id,rating) VALUES (8,14,0);
INSERT INTO ratings (user_id,book_id,rating) VALUES (8,15,0);
INSERT INTO ratings (user_id,book_id,rating) VALUES (8,16,0);
INSERT INTO ratings (user_id,book_id,rating) VALUES (8,17,1);
INSERT INTO ratings (user_id,book_id,rating) VALUES (8,18,0);
INSERT INTO ratings (user_id,book_id,rating) VALUES (8,19,0);
INSERT INTO ratings (user_id,book_id,rating) VALUES (8,20,0);
INSERT INTO ratings (user_id,book_id,rating) VALUES (8,21,0);
INSERT INTO ratings (user_id,book_id,rating) VALUES (8,22,0);
INSERT INTO ratings (user_id,book_id,rating) VALUES (8,23,0);
INSERT INTO ratings (user_id,book_id,rating) VALUES (8,24,0);
INSERT INTO ratings (user_id,book_id,rating) VALUES (8,25,0);
INSERT INTO ratings (user_id,book_id,rating) VALUES (8,26,0);
INSERT INTO ratings (user_id,book_id,rating) VALUES (8,27,0);
INSERT INTO ratings (user_id,book_id,rating) VALUES (8,28,5);
INSERT INTO ratings (user_id,book_id,rating) VALUES (8,29,0);
INSERT INTO ratings (user_id,book_id,rating) VALUES (8,30,0);
INSERT INTO ratings (user_id,book_id,rating) VALUES (8,31,0);
INSERT INTO ratings (user_id,book_id,rating) VALUES (8,32,1);
INSERT INTO ratings (user_id,book_id,rating) VALUES (8,33,0);
INSERT INTO ratings (user_id,book_id,rating) VALUES (8,34,0);
INSERT INTO ratings (user_id,book_id,rating) VALUES (8,35,0);
INSERT INTO ratings (user_id,book_id,rating) VALUES (8,36,1);
INSERT INTO ratings (user_id,book_id,rating) VALUES (8,37,0);
INSERT INTO ratings (user_id,book_id,rating) VALUES (8,38,0);
INSERT INTO ratings (user_id,book_id,rating) VALUES (8,39,5);
INSERT INTO ratings (user_id,book_id,rating) VALUES (8,40,0);
INSERT INTO ratings (user_id,book_id,rating) VALUES (8,41,0);
INSERT INTO ratings (user_id,book_id,rating) VALUES (8,42,0);
INSERT INTO ratings (user_id,book_id,rating) VALUES (8,43,5);
INSERT INTO ratings (user_id,book_id,rating) VALUES (8,44,3);
INSERT INTO ratings (user_id,book_id,rating) VALUES (8,45,5);
INSERT INTO ratings (user_id,book_id,rating) VALUES (8,46,0);
INSERT INTO ratings (user_id,book_id,rating) VALUES (8,47,0);
INSERT INTO ratings (user_id,book_id,rating) VALUES (8,48,0);
INSERT INTO ratings (user_id,book_id,rating) VALUES (8,49,0);
INSERT INTO ratings (user_id,book_id,rating) VALUES (8,50,5);
INSERT INTO ratings (user_id,book_id,rating) VALUES (8,51,3);
INSERT INTO ratings (user_id,book_id,rating) VALUES (8,52,0);
INSERT INTO ratings (user_id,book_id,rating) VALUES (8,53,3);
INSERT INTO ratings (user_id,book_id,rating) VALUES (8,54,0);
INSERT INTO ratings (user_id,book_id,rating) VALUES (8,55,-5);
INSERT INTO ratings (user_id,book_id,rating) VALUES (9,1,0);
INSERT INTO ratings (user_id,book_id,rating) VALUES (9,2,0);
INSERT INTO ratings (user_id,book_id,rating) VALUES (9,3,0);
INSERT INTO ratings (user_id,book_id,rating) VALUES (9,4,-3);
INSERT INTO ratings (user_id,book_id,rating) VALUES (9,5,0);
INSERT INTO ratings (user_id,book_id,rating) VALUES (9,6,0);
INSERT INTO ratings (user_id,book_id,rating) VALUES (9,7,0);
INSERT INTO ratings (user_id,book_id,rating) VALUES (9,8,0);
INSERT INTO ratings (user_id,book_id,rating) VALUES (9,9,0);
INSERT INTO ratings (user_id,book_id,rating) VALUES (9,10,0);
INSERT INTO ratings (user_id,book_id,rating) VALUES (9,11,0);
INSERT INTO ratings (user_id,book_id,rating) VALUES (9,12,0);
INSERT INTO ratings (user_id,book_id,rating) VALUES (9,13,0);
INSERT INTO ratings (user_id,book_id,rating) VALUES (9,14,0);
INSERT INTO ratings (user_id,book_id,rating) VALUES (9,15,0);
INSERT INTO ratings (user_id,book_id,rating) VALUES (9,16,0);
INSERT INTO ratings (user_id,book_id,rating) VALUES (9,17,3);
INSERT INTO ratings (user_id,book_id,rating) VALUES (9,18,0);
INSERT INTO ratings (user_id,book_id,rating) VALUES (9,19,0);
INSERT INTO ratings (user_id,book_id,rating) VALUES (9,20,0);
INSERT INTO ratings (user_id,book_id,rating) VALUES (9,21,0);
INSERT INTO ratings (user_id,book_id,rating) VALUES (9,22,0);
INSERT INTO ratings (user_id,book_id,rating) VALUES (9,23,0);
INSERT INTO ratings (user_id,book_id,rating) VALUES (9,24,0);
INSERT INTO ratings (user_id,book_id,rating) VALUES (9,25,0);
INSERT INTO ratings (user_id,book_id,rating) VALUES (9,26,0);
INSERT INTO ratings (user_id,book_id,rating) VALUES (9,27,0);
INSERT INTO ratings (user_id,book_id,rating) VALUES (9,28,5);
INSERT INTO ratings (user_id,book_id,rating) VALUES (9,29,5);
INSERT INTO ratings (user_id,book_id,rating) VALUES (9,30,0);
INSERT INTO ratings (user_id,book_id,rating) VALUES (9,31,0);
INSERT INTO ratings (user_id,book_id,rating) VALUES (9,32,0);
INSERT INTO ratings (user_id,book_id,rating) VALUES (9,33,0);
INSERT INTO ratings (user_id,book_id,rating) VALUES (9,34,0);
INSERT INTO ratings (user_id,book_id,rating) VALUES (9,35,0);
INSERT INTO ratings (user_id,book_id,rating) VALUES (9,36,0);
INSERT INTO ratings (user_id,book_id,rating) VALUES (9,37,0);
INSERT INTO ratings (user_id,book_id,rating) VALUES (9,38,0);
INSERT INTO ratings (user_id,book_id,rating) VALUES (9,39,1);
INSERT INTO ratings (user_id,book_id,rating) VALUES (9,40,1);
INSERT INTO ratings (user_id,book_id,rating) VALUES (9,41,0);
INSERT INTO ratings (user_id,book_id,rating) VALUES (9,42,-3);
INSERT INTO ratings (user_id,book_id,rating) VALUES (9,43,5);
INSERT INTO ratings (user_id,book_id,rating) VALUES (9,44,3);
INSERT INTO ratings (user_id,book_id,rating) VALUES (9,45,0);
INSERT INTO ratings (user_id,book_id,rating) VALUES (9,46,0);
INSERT INTO ratings (user_id,book_id,rating) VALUES (9,47,1);
INSERT INTO ratings (user_id,book_id,rating) VALUES (9,48,0);
INSERT INTO ratings (user_id,book_id,rating) VALUES (9,49,0);
INSERT INTO ratings (user_id,book_id,rating) VALUES (9,50,0);
INSERT INTO ratings (user_id,book_id,rating) VALUES (9,51,1);
INSERT INTO ratings (user_id,book_id,rating) VALUES (9,52,0);
INSERT INTO ratings (user_id,book_id,rating) VALUES (9,53,0);
INSERT INTO ratings (user_id,book_id,rating) VALUES (9,54,0);
INSERT INTO ratings (user_id,book_id,rating) VALUES (9,55,0);
INSERT INTO ratings (user_id,book_id,rating) VALUES (10,1,0);
INSERT INTO ratings (user_id,book_id,rating) VALUES (10,2,0);
INSERT INTO ratings (user_id,book_id,rating) VALUES (10,3,0);
INSERT INTO ratings (user_id,book_id,rating) VALUES (10,4,0);
INSERT INTO ratings (user_id,book_id,rating) VALUES (10,5,0);
INSERT INTO ratings (user_id,book_id,rating) VALUES (10,6,0);
INSERT INTO ratings (user_id,book_id,rating) VALUES (10,7,0);
INSERT INTO ratings (user_id,book_id,rating) VALUES (10,8,5);
INSERT INTO ratings (user_id,book_id,rating) VALUES (10,9,0);
INSERT INTO ratings (user_id,book_id,rating) VALUES (10,10,0);
INSERT INTO ratings (user_id,book_id,rating) VALUES (10,11,0);
INSERT INTO ratings (user_id,book_id,rating) VALUES (10,12,0);
INSERT INTO ratings (user_id,book_id,rating) VALUES (10,13,0);
INSERT INTO ratings (user_id,book_id,rating) VALUES (10,14,0);
INSERT INTO ratings (user_id,book_id,rating) VALUES (10,15,0);
INSERT INTO ratings (user_id,book_id,rating) VALUES (10,16,0);
INSERT INTO ratings (user_id,book_id,rating) VALUES (10,17,0);
INSERT INTO ratings (user_id,book_id,rating) VALUES (10,18,0);
INSERT INTO ratings (user_id,book_id,rating) VALUES (10,19,0);
INSERT INTO ratings (user_id,book_id,rating) VALUES (10,20,0);
INSERT INTO ratings (user_id,book_id,rating) VALUES (10,21,0);
INSERT INTO ratings (user_id,book_id,rating) VALUES (10,22,0);
INSERT INTO ratings (user_id,book_id,rating) VALUES (10,23,0);
INSERT INTO ratings (user_id,book_id,rating) VALUES (10,24,0);
INSERT INTO ratings (user_id,book_id,rating) VALUES (10,25,0);
INSERT INTO ratings (user_id,book_id,rating) VALUES (10,26,0);
INSERT INTO ratings (user_id,book_id,rating) VALUES (10,27,0);
INSERT INTO ratings (user_id,book_id,rating) VALUES (10,28,0);
INSERT INTO ratings (user_id,book_id,rating) VALUES (10,29,0);
INSERT INTO ratings (user_id,book_id,rating) VALUES (10,30,0);
INSERT INTO ratings (user_id,book_id,rating) VALUES (10,31,0);
INSERT INTO ratings (user_id,book_id,rating) VALUES (10,32,0);
INSERT INTO ratings (user_id,book_id,rating) VALUES (10,33,0);
INSERT INTO ratings (user_id,book_id,rating) VALUES (10,34,0);
INSERT INTO ratings (user_id,book_id,rating) VALUES (10,35,0);
INSERT INTO ratings (user_id,book_id,rating) VALUES (10,36,5);
INSERT INTO ratings (user_id,book_id,rating) VALUES (10,37,0);
INSERT INTO ratings (user_id,book_id,rating) VALUES (10,38,0);
INSERT INTO ratings (user_id,book_id,rating) VALUES (10,39,-5);
INSERT INTO ratings (user_id,book_id,rating) VALUES (10,40,0);
INSERT INTO ratings (user_id,book_id,rating) VALUES (10,41,0);
INSERT INTO ratings (user_id,book_id,rating) VALUES (10,42,-5);
INSERT INTO ratings (user_id,book_id,rating) VALUES (10,43,5);
INSERT INTO ratings (user_id,book_id,rating) VALUES (10,44,0);
INSERT INTO ratings (user_id,book_id,rating) VALUES (10,45,0);
INSERT INTO ratings (user_id,book_id,rating) VALUES (10,46,0);
INSERT INTO ratings (user_id,book_id,rating) VALUES (10,47,0);
INSERT INTO ratings (user_id,book_id,rating) VALUES (10,48,0);
INSERT INTO ratings (user_id,book_id,rating) VALUES (10,49,0);
INSERT INTO ratings (user_id,book_id,rating) VALUES (10,50,0);
INSERT INTO ratings (user_id,book_id,rating) VALUES (10,51,-3);
INSERT INTO ratings (user_id,book_id,rating) VALUES (10,52,0);
INSERT INTO ratings (user_id,book_id,rating) VALUES (10,53,0);
INSERT INTO ratings (user_id,book_id,rating) VALUES (10,54,0);
INSERT INTO ratings (user_id,book_id,rating) VALUES (10,55,-3);
INSERT INTO ratings (user_id,book_id,rating) VALUES (11,1,0);
INSERT INTO ratings (user_id,book_id,rating) VALUES (11,2,-3);
INSERT INTO ratings (user_id,book_id,rating) VALUES (11,3,0);
INSERT INTO ratings (user_id,book_id,rating) VALUES (11,4,0);
INSERT INTO ratings (user_id,book_id,rating) VALUES (11,5,0);
INSERT INTO ratings (user_id,book_id,rating) VALUES (11,6,0);
INSERT INTO ratings (user_id,book_id,rating) VALUES (11,7,0);
INSERT INTO ratings (user_id,book_id,rating) VALUES (11,8,0);
INSERT INTO ratings (user_id,book_id,rating) VALUES (11,9,0);
INSERT INTO ratings (user_id,book_id,rating) VALUES (11,10,0);
INSERT INTO ratings (user_id,book_id,rating) VALUES (11,11,0);
INSERT INTO ratings (user_id,book_id,rating) VALUES (11,12,0);
INSERT INTO ratings (user_id,book_id,rating) VALUES (11,13,0);
INSERT INTO ratings (user_id,book_id,rating) VALUES (11,14,0);
INSERT INTO ratings (user_id,book_id,rating) VALUES (11,15,0);
INSERT INTO ratings (user_id,book_id,rating) VALUES (11,16,0);
INSERT INTO ratings (user_id,book_id,rating) VALUES (11,17,0);
INSERT INTO ratings (user_id,book_id,rating) VALUES (11,18,0);
INSERT INTO ratings (user_id,book_id,rating) VALUES (11,19,0);
INSERT INTO ratings (user_id,book_id,rating) VALUES (11,20,0);
INSERT INTO ratings (user_id,book_id,rating) VALUES (11,21,0);
INSERT INTO ratings (user_id,book_id,rating) VALUES (11,22,0);
INSERT INTO ratings (user_id,book_id,rating) VALUES (11,23,0);
INSERT INTO ratings (user_id,book_id,rating) VALUES (11,24,0);
INSERT INTO ratings (user_id,book_id,rating) VALUES (11,25,0);
INSERT INTO ratings (user_id,book_id,rating) VALUES (11,26,3);
INSERT INTO ratings (user_id,book_id,rating) VALUES (11,27,0);
INSERT INTO ratings (user_id,book_id,rating) VALUES (11,28,0);
INSERT INTO ratings (user_id,book_id,rating) VALUES (11,29,0);
INSERT INTO ratings (user_id,book_id,rating) VALUES (11,30,0);
INSERT INTO ratings (user_id,book_id,rating) VALUES (11,31,5);
INSERT INTO ratings (user_id,book_id,rating) VALUES (11,32,3);
INSERT INTO ratings (user_id,book_id,rating) VALUES (11,33,0);
INSERT INTO ratings (user_id,book_id,rating) VALUES (11,34,0);
INSERT INTO ratings (user_id,book_id,rating) VALUES (11,35,0);
INSERT INTO ratings (user_id,book_id,rating) VALUES (11,36,0);
INSERT INTO ratings (user_id,book_id,rating) VALUES (11,37,0);
INSERT INTO ratings (user_id,book_id,rating) VALUES (11,38,5);
INSERT INTO ratings (user_id,book_id,rating) VALUES (11,39,0);
INSERT INTO ratings (user_id,book_id,rating) VALUES (11,40,3);
INSERT INTO ratings (user_id,book_id,rating) VALUES (11,41,0);
INSERT INTO ratings (user_id,book_id,rating) VALUES (11,42,3);
INSERT INTO ratings (user_id,book_id,rating) VALUES (11,43,5);
INSERT INTO ratings (user_id,book_id,rating) VALUES (11,44,3);
INSERT INTO ratings (user_id,book_id,rating) VALUES (11,45,0);
INSERT INTO ratings (user_id,book_id,rating) VALUES (11,46,0);
INSERT INTO ratings (user_id,book_id,rating) VALUES (11,47,0);
INSERT INTO ratings (user_id,book_id,rating) VALUES (11,48,3);
INSERT INTO ratings (user_id,book_id,rating) VALUES (11,49,0);
INSERT INTO ratings (user_id,book_id,rating) VALUES (11,50,5);
INSERT INTO ratings (user_id,book_id,rating) VALUES (11,51,5);
INSERT INTO ratings (user_id,book_id,rating) VALUES (11,52,0);
INSERT INTO ratings (user_id,book_id,rating) VALUES (11,53,0);
INSERT INTO ratings (user_id,book_id,rating) VALUES (11,54,5);
INSERT INTO ratings (user_id,book_id,rating) VALUES (11,55,0);
INSERT INTO ratings (user_id,book_id,rating) VALUES (12,1,1);
INSERT INTO ratings (user_id,book_id,rating) VALUES (12,2,1);
INSERT INTO ratings (user_id,book_id,rating) VALUES (12,3,3);
INSERT INTO ratings (user_id,book_id,rating) VALUES (12,4,3);
INSERT INTO ratings (user_id,book_id,rating) VALUES (12,5,-3);
INSERT INTO ratings (user_id,book_id,rating) VALUES (12,6,3);
INSERT INTO ratings (user_id,book_id,rating) VALUES (12,7,3);
INSERT INTO ratings (user_id,book_id,rating) VALUES (12,8,5);
INSERT INTO ratings (user_id,book_id,rating) VALUES (12,9,5);
INSERT INTO ratings (user_id,book_id,rating) VALUES (12,10,5);
INSERT INTO ratings (user_id,book_id,rating) VALUES (12,11,5);
INSERT INTO ratings (user_id,book_id,rating) VALUES (12,12,1);
INSERT INTO ratings (user_id,book_id,rating) VALUES (12,13,3);
INSERT INTO ratings (user_id,book_id,rating) VALUES (12,14,1);
INSERT INTO ratings (user_id,book_id,rating) VALUES (12,15,1);
INSERT INTO ratings (user_id,book_id,rating) VALUES (12,16,0);
INSERT INTO ratings (user_id,book_id,rating) VALUES (12,17,5);
INSERT INTO ratings (user_id,book_id,rating) VALUES (12,18,0);
INSERT INTO ratings (user_id,book_id,rating) VALUES (12,19,3);
INSERT INTO ratings (user_id,book_id,rating) VALUES (12,20,0);
INSERT INTO ratings (user_id,book_id,rating) VALUES (12,21,0);
INSERT INTO ratings (user_id,book_id,rating) VALUES (12,22,0);
INSERT INTO ratings (user_id,book_id,rating) VALUES (12,23,0);
INSERT INTO ratings (user_id,book_id,rating) VALUES (12,24,0);
INSERT INTO ratings (user_id,book_id,rating) VALUES (12,25,0);
INSERT INTO ratings (user_id,book_id,rating) VALUES (12,26,0);
INSERT INTO ratings (user_id,book_id,rating) VALUES (12,27,0);
INSERT INTO ratings (user_id,book_id,rating) VALUES (12,28,0);
INSERT INTO ratings (user_id,book_id,rating) VALUES (12,29,0);
INSERT INTO ratings (user_id,book_id,rating) VALUES (12,30,0);
INSERT INTO ratings (user_id,book_id,rating) VALUES (12,31,0);
INSERT INTO ratings (user_id,book_id,rating) VALUES (12,32,0);
INSERT INTO ratings (user_id,book_id,rating) VALUES (12,33,0);
INSERT INTO ratings (user_id,book_id,rating) VALUES (12,34,0);
INSERT INTO ratings (user_id,book_id,rating) VALUES (12,35,0);
INSERT INTO ratings (user_id,book_id,rating) VALUES (12,36,3);
INSERT INTO ratings (user_id,book_id,rating) VALUES (12,37,3);
INSERT INTO ratings (user_id,book_id,rating) VALUES (12,38,0);
INSERT INTO ratings (user_id,book_id,rating) VALUES (12,39,3);
INSERT INTO ratings (user_id,book_id,rating) VALUES (12,40,0);
INSERT INTO ratings (user_id,book_id,rating) VALUES (12,41,3);
INSERT INTO ratings (user_id,book_id,rating) VALUES (12,42,5);
INSERT INTO ratings (user_id,book_id,rating) VALUES (12,43,5);
INSERT INTO ratings (user_id,book_id,rating) VALUES (12,44,5);
INSERT INTO ratings (user_id,book_id,rating) VALUES (12,45,0);
INSERT INTO ratings (user_id,book_id,rating) VALUES (12,46,-3);
INSERT INTO ratings (user_id,book_id,rating) VALUES (12,47,0);
INSERT INTO ratings (user_id,book_id,rating) VALUES (12,48,0);
INSERT INTO ratings (user_id,book_id,rating) VALUES (12,49,0);
INSERT INTO ratings (user_id,book_id,rating) VALUES (12,50,0);
INSERT INTO ratings (user_id,book_id,rating) VALUES (12,51,0);
INSERT INTO ratings (user_id,book_id,rating) VALUES (12,52,0);
INSERT INTO ratings (user_id,book_id,rating) VALUES (12,53,3);
INSERT INTO ratings (user_id,book_id,rating) VALUES (12,54,1);
INSERT INTO ratings (user_id,book_id,rating) VALUES (12,55,1);
INSERT INTO ratings (user_id,book_id,rating) VALUES (13,1,0);
INSERT INTO ratings (user_id,book_id,rating) VALUES (13,2,0);
INSERT INTO ratings (user_id,book_id,rating) VALUES (13,3,0);
INSERT INTO ratings (user_id,book_id,rating) VALUES (13,4,0);
INSERT INTO ratings (user_id,book_id,rating) VALUES (13,5,0);
INSERT INTO ratings (user_id,book_id,rating) VALUES (13,6,0);
INSERT INTO ratings (user_id,book_id,rating) VALUES (13,7,0);
INSERT INTO ratings (user_id,book_id,rating) VALUES (13,8,0);
INSERT INTO ratings (user_id,book_id,rating) VALUES (13,9,0);
INSERT INTO ratings (user_id,book_id,rating) VALUES (13,10,0);
INSERT INTO ratings (user_id,book_id,rating) VALUES (13,11,0);
INSERT INTO ratings (user_id,book_id,rating) VALUES (13,12,5);
INSERT INTO ratings (user_id,book_id,rating) VALUES (13,13,0);
INSERT INTO ratings (user_id,book_id,rating) VALUES (13,14,0);
INSERT INTO ratings (user_id,book_id,rating) VALUES (13,15,0);
INSERT INTO ratings (user_id,book_id,rating) VALUES (13,16,0);
INSERT INTO ratings (user_id,book_id,rating) VALUES (13,17,0);
INSERT INTO ratings (user_id,book_id,rating) VALUES (13,18,0);
INSERT INTO ratings (user_id,book_id,rating) VALUES (13,19,0);
INSERT INTO ratings (user_id,book_id,rating) VALUES (13,20,0);
INSERT INTO ratings (user_id,book_id,rating) VALUES (13,21,0);
INSERT INTO ratings (user_id,book_id,rating) VALUES (13,22,0);
INSERT INTO ratings (user_id,book_id,rating) VALUES (13,23,0);
INSERT INTO ratings (user_id,book_id,rating) VALUES (13,24,0);
INSERT INTO ratings (user_id,book_id,rating) VALUES (13,25,0);
INSERT INTO ratings (user_id,book_id,rating) VALUES (13,26,0);
INSERT INTO ratings (user_id,book_id,rating) VALUES (13,27,0);
INSERT INTO ratings (user_id,book_id,rating) VALUES (13,28,1);
INSERT INTO ratings (user_id,book_id,rating) VALUES (13,29,-3);
INSERT INTO ratings (user_id,book_id,rating) VALUES (13,30,0);
INSERT INTO ratings (user_id,book_id,rating) VALUES (13,31,0);
INSERT INTO ratings (user_id,book_id,rating) VALUES (13,32,5);
INSERT INTO ratings (user_id,book_id,rating) VALUES (13,33,5);
INSERT INTO ratings (user_id,book_id,rating) VALUES (13,34,0);
INSERT INTO ratings (user_id,book_id,rating) VALUES (13,35,0);
INSERT INTO ratings (user_id,book_id,rating) VALUES (13,36,5);
INSERT INTO ratings (user_id,book_id,rating) VALUES (13,37,0);
INSERT INTO ratings (user_id,book_id,rating) VALUES (13,38,0);
INSERT INTO ratings (user_id,book_id,rating) VALUES (13,39,3);
INSERT INTO ratings (user_id,book_id,rating) VALUES (13,40,0);
INSERT INTO ratings (user_id,book_id,rating) VALUES (13,41,0);
INSERT INTO ratings (user_id,book_id,rating) VALUES (13,42,0);
INSERT INTO ratings (user_id,book_id,rating) VALUES (13,43,5);
INSERT INTO ratings (user_id,book_id,rating) VALUES (13,44,0);
INSERT INTO ratings (user_id,book_id,rating) VALUES (13,45,0);
INSERT INTO ratings (user_id,book_id,rating) VALUES (13,46,0);
INSERT INTO ratings (user_id,book_id,rating) VALUES (13,47,0);
INSERT INTO ratings (user_id,book_id,rating) VALUES (13,48,0);
INSERT INTO ratings (user_id,book_id,rating) VALUES (13,49,0);
INSERT INTO ratings (user_id,book_id,rating) VALUES (13,50,0);
INSERT INTO ratings (user_id,book_id,rating) VALUES (13,51,0);
INSERT INTO ratings (user_id,book_id,rating) VALUES (13,52,0);
INSERT INTO ratings (user_id,book_id,rating) VALUES (13,53,5);
INSERT INTO ratings (user_id,book_id,rating) VALUES (13,54,0);
INSERT INTO ratings (user_id,book_id,rating) VALUES (13,55,5);
INSERT INTO ratings (user_id,book_id,rating) VALUES (14,1,3);
INSERT INTO ratings (user_id,book_id,rating) VALUES (14,2,0);
INSERT INTO ratings (user_id,book_id,rating) VALUES (14,3,0);
INSERT INTO ratings (user_id,book_id,rating) VALUES (14,4,5);
INSERT INTO ratings (user_id,book_id,rating) VALUES (14,5,0);
INSERT INTO ratings (user_id,book_id,rating) VALUES (14,6,0);
INSERT INTO ratings (user_id,book_id,rating) VALUES (14,7,0);
INSERT INTO ratings (user_id,book_id,rating) VALUES (14,8,5);
INSERT INTO ratings (user_id,book_id,rating) VALUES (14,9,0);
INSERT INTO ratings (user_id,book_id,rating) VALUES (14,10,5);
INSERT INTO ratings (user_id,book_id,rating) VALUES (14,11,3);
INSERT INTO ratings (user_id,book_id,rating) VALUES (14,12,0);
INSERT INTO ratings (user_id,book_id,rating) VALUES (14,13,0);
INSERT INTO ratings (user_id,book_id,rating) VALUES (14,14,0);
INSERT INTO ratings (user_id,book_id,rating) VALUES (14,15,0);
INSERT INTO ratings (user_id,book_id,rating) VALUES (14,16,0);
INSERT INTO ratings (user_id,book_id,rating) VALUES (14,17,3);
INSERT INTO ratings (user_id,book_id,rating) VALUES (14,18,0);
INSERT INTO ratings (user_id,book_id,rating) VALUES (14,19,5);
INSERT INTO ratings (user_id,book_id,rating) VALUES (14,20,5);
INSERT INTO ratings (user_id,book_id,rating) VALUES (14,21,0);
INSERT INTO ratings (user_id,book_id,rating) VALUES (14,22,0);
INSERT INTO ratings (user_id,book_id,rating) VALUES (14,23,0);
INSERT INTO ratings (user_id,book_id,rating) VALUES (14,24,0);
INSERT INTO ratings (user_id,book_id,rating) VALUES (14,25,0);
INSERT INTO ratings (user_id,book_id,rating) VALUES (14,26,0);
INSERT INTO ratings (user_id,book_id,rating) VALUES (14,27,0);
INSERT INTO ratings (user_id,book_id,rating) VALUES (14,28,0);
INSERT INTO ratings (user_id,book_id,rating) VALUES (14,29,5);
INSERT INTO ratings (user_id,book_id,rating) VALUES (14,30,0);
INSERT INTO ratings (user_id,book_id,rating) VALUES (14,31,5);
INSERT INTO ratings (user_id,book_id,rating) VALUES (14,32,5);
INSERT INTO ratings (user_id,book_id,rating) VALUES (14,33,3);
INSERT INTO ratings (user_id,book_id,rating) VALUES (14,34,0);
INSERT INTO ratings (user_id,book_id,rating) VALUES (14,35,0);
INSERT INTO ratings (user_id,book_id,rating) VALUES (14,36,5);
INSERT INTO ratings (user_id,book_id,rating) VALUES (14,37,0);
INSERT INTO ratings (user_id,book_id,rating) VALUES (14,38,0);
INSERT INTO ratings (user_id,book_id,rating) VALUES (14,39,5);
INSERT INTO ratings (user_id,book_id,rating) VALUES (14,40,5);
INSERT INTO ratings (user_id,book_id,rating) VALUES (14,41,5);
INSERT INTO ratings (user_id,book_id,rating) VALUES (14,42,3);
INSERT INTO ratings (user_id,book_id,rating) VALUES (14,43,5);
INSERT INTO ratings (user_id,book_id,rating) VALUES (14,44,5);
INSERT INTO ratings (user_id,book_id,rating) VALUES (14,45,0);
INSERT INTO ratings (user_id,book_id,rating) VALUES (14,46,0);
INSERT INTO ratings (user_id,book_id,rating) VALUES (14,47,5);
INSERT INTO ratings (user_id,book_id,rating) VALUES (14,48,0);
INSERT INTO ratings (user_id,book_id,rating) VALUES (14,49,0);
INSERT INTO ratings (user_id,book_id,rating) VALUES (14,50,5);
INSERT INTO ratings (user_id,book_id,rating) VALUES (14,51,5);
INSERT INTO ratings (user_id,book_id,rating) VALUES (14,52,0);
INSERT INTO ratings (user_id,book_id,rating) VALUES (14,53,5);
INSERT INTO ratings (user_id,book_id,rating) VALUES (14,54,0);
INSERT INTO ratings (user_id,book_id,rating) VALUES (14,55,5);
INSERT INTO ratings (user_id,book_id,rating) VALUES (15,1,5);
INSERT INTO ratings (user_id,book_id,rating) VALUES (15,2,0);
INSERT INTO ratings (user_id,book_id,rating) VALUES (15,3,0);
INSERT INTO ratings (user_id,book_id,rating) VALUES (15,4,0);
INSERT INTO ratings (user_id,book_id,rating) VALUES (15,5,0);
INSERT INTO ratings (user_id,book_id,rating) VALUES (15,6,0);
INSERT INTO ratings (user_id,book_id,rating) VALUES (15,7,3);
INSERT INTO ratings (user_id,book_id,rating) VALUES (15,8,0);
INSERT INTO ratings (user_id,book_id,rating) VALUES (15,9,0);
INSERT INTO ratings (user_id,book_id,rating) VALUES (15,10,0);
INSERT INTO ratings (user_id,book_id,rating) VALUES (15,11,0);
INSERT INTO ratings (user_id,book_id,rating) VALUES (15,12,3);
INSERT INTO ratings (user_id,book_id,rating) VALUES (15,13,0);
INSERT INTO ratings (user_id,book_id,rating) VALUES (15,14,0);
INSERT INTO ratings (user_id,book_id,rating) VALUES (15,15,0);
INSERT INTO ratings (user_id,book_id,rating) VALUES (15,16,0);
INSERT INTO ratings (user_id,book_id,rating) VALUES (15,17,0);
INSERT INTO ratings (user_id,book_id,rating) VALUES (15,18,0);
INSERT INTO ratings (user_id,book_id,rating) VALUES (15,19,1);
INSERT INTO ratings (user_id,book_id,rating) VALUES (15,20,0);
INSERT INTO ratings (user_id,book_id,rating) VALUES (15,21,0);
INSERT INTO ratings (user_id,book_id,rating) VALUES (15,22,0);
INSERT INTO ratings (user_id,book_id,rating) VALUES (15,23,0);
INSERT INTO ratings (user_id,book_id,rating) VALUES (15,24,0);
INSERT INTO ratings (user_id,book_id,rating) VALUES (15,25,0);
INSERT INTO ratings (user_id,book_id,rating) VALUES (15,26,5);
INSERT INTO ratings (user_id,book_id,rating) VALUES (15,27,0);
INSERT INTO ratings (user_id,book_id,rating) VALUES (15,28,0);
INSERT INTO ratings (user_id,book_id,rating) VALUES (15,29,0);
INSERT INTO ratings (user_id,book_id,rating) VALUES (15,30,0);
INSERT INTO ratings (user_id,book_id,rating) VALUES (15,31,1);
INSERT INTO ratings (user_id,book_id,rating) VALUES (15,32,0);
INSERT INTO ratings (user_id,book_id,rating) VALUES (15,33,0);
INSERT INTO ratings (user_id,book_id,rating) VALUES (15,34,0);
INSERT INTO ratings (user_id,book_id,rating) VALUES (15,35,0);
INSERT INTO ratings (user_id,book_id,rating) VALUES (15,36,0);
INSERT INTO ratings (user_id,book_id,rating) VALUES (15,37,0);
INSERT INTO ratings (user_id,book_id,rating) VALUES (15,38,0);
INSERT INTO ratings (user_id,book_id,rating) VALUES (15,39,0);
INSERT INTO ratings (user_id,book_id,rating) VALUES (15,40,0);
INSERT INTO ratings (user_id,book_id,rating) VALUES (15,41,0);
INSERT INTO ratings (user_id,book_id,rating) VALUES (15,42,0);
INSERT INTO ratings (user_id,book_id,rating) VALUES (15,43,0);
INSERT INTO ratings (user_id,book_id,rating) VALUES (15,44,0);
INSERT INTO ratings (user_id,book_id,rating) VALUES (15,45,0);
INSERT INTO ratings (user_id,book_id,rating) VALUES (15,46,0);
INSERT INTO ratings (user_id,book_id,rating) VALUES (15,47,0);
INSERT INTO ratings (user_id,book_id,rating) VALUES (15,48,0);
INSERT INTO ratings (user_id,book_id,rating) VALUES (15,49,0);
INSERT INTO ratings (user_id,book_id,rating) VALUES (15,50,-3);
INSERT INTO ratings (user_id,book_id,rating) VALUES (15,51,0);
INSERT INTO ratings (user_id,book_id,rating) VALUES (15,52,0);
INSERT INTO ratings (user_id,book_id,rating) VALUES (15,53,0);
INSERT INTO ratings (user_id,book_id,rating) VALUES (15,54,0);
INSERT INTO ratings (user_id,book_id,rating) VALUES (15,55,3);
INSERT INTO ratings (user_id,book_id,rating) VALUES (16,1,3);
INSERT INTO ratings (user_id,book_id,rating) VALUES (16,2,3);
INSERT INTO ratings (user_id,book_id,rating) VALUES (16,3,1);
INSERT INTO ratings (user_id,book_id,rating) VALUES (16,4,0);
INSERT INTO ratings (user_id,book_id,rating) VALUES (16,5,3);
INSERT INTO ratings (user_id,book_id,rating) VALUES (16,6,0);
INSERT INTO ratings (user_id,book_id,rating) VALUES (16,7,3);
INSERT INTO ratings (user_id,book_id,rating) VALUES (16,8,0);
INSERT INTO ratings (user_id,book_id,rating) VALUES (16,9,0);
INSERT INTO ratings (user_id,book_id,rating) VALUES (16,10,-3);
INSERT INTO ratings (user_id,book_id,rating) VALUES (16,11,0);
INSERT INTO ratings (user_id,book_id,rating) VALUES (16,12,5);
INSERT INTO ratings (user_id,book_id,rating) VALUES (16,13,3);
INSERT INTO ratings (user_id,book_id,rating) VALUES (16,14,0);
INSERT INTO ratings (user_id,book_id,rating) VALUES (16,15,1);
INSERT INTO ratings (user_id,book_id,rating) VALUES (16,16,0);
INSERT INTO ratings (user_id,book_id,rating) VALUES (16,17,0);
INSERT INTO ratings (user_id,book_id,rating) VALUES (16,18,5);
INSERT INTO ratings (user_id,book_id,rating) VALUES (16,19,3);
INSERT INTO ratings (user_id,book_id,rating) VALUES (16,20,0);
INSERT INTO ratings (user_id,book_id,rating) VALUES (16,21,0);
INSERT INTO ratings (user_id,book_id,rating) VALUES (16,22,0);
INSERT INTO ratings (user_id,book_id,rating) VALUES (16,23,0);
INSERT INTO ratings (user_id,book_id,rating) VALUES (16,24,1);
INSERT INTO ratings (user_id,book_id,rating) VALUES (16,25,0);
INSERT INTO ratings (user_id,book_id,rating) VALUES (16,26,3);
INSERT INTO ratings (user_id,book_id,rating) VALUES (16,27,0);
INSERT INTO ratings (user_id,book_id,rating) VALUES (16,28,1);
INSERT INTO ratings (user_id,book_id,rating) VALUES (16,29,0);
INSERT INTO ratings (user_id,book_id,rating) VALUES (16,30,0);
INSERT INTO ratings (user_id,book_id,rating) VALUES (16,31,3);
INSERT INTO ratings (user_id,book_id,rating) VALUES (16,32,5);
INSERT INTO ratings (user_id,book_id,rating) VALUES (16,33,3);
INSERT INTO ratings (user_id,book_id,rating) VALUES (16,34,3);
INSERT INTO ratings (user_id,book_id,rating) VALUES (16,35,0);
INSERT INTO ratings (user_id,book_id,rating) VALUES (16,36,0);
INSERT INTO ratings (user_id,book_id,rating) VALUES (16,37,0);
INSERT INTO ratings (user_id,book_id,rating) VALUES (16,38,5);
INSERT INTO ratings (user_id,book_id,rating) VALUES (16,39,0);
INSERT INTO ratings (user_id,book_id,rating) VALUES (16,40,5);
INSERT INTO ratings (user_id,book_id,rating) VALUES (16,41,0);
INSERT INTO ratings (user_id,book_id,rating) VALUES (16,42,3);
INSERT INTO ratings (user_id,book_id,rating) VALUES (16,43,3);
INSERT INTO ratings (user_id,book_id,rating) VALUES (16,44,0);
INSERT INTO ratings (user_id,book_id,rating) VALUES (16,45,-3);
INSERT INTO ratings (user_id,book_id,rating) VALUES (16,46,0);
INSERT INTO ratings (user_id,book_id,rating) VALUES (16,47,0);
INSERT INTO ratings (user_id,book_id,rating) VALUES (16,48,5);
INSERT INTO ratings (user_id,book_id,rating) VALUES (16,49,1);
INSERT INTO ratings (user_id,book_id,rating) VALUES (16,50,5);
INSERT INTO ratings (user_id,book_id,rating) VALUES (16,51,3);
INSERT INTO ratings (user_id,book_id,rating) VALUES (16,52,0);
INSERT INTO ratings (user_id,book_id,rating) VALUES (16,53,3);
INSERT INTO ratings (user_id,book_id,rating) VALUES (16,54,0);
INSERT INTO ratings (user_id,book_id,rating) VALUES (16,55,0);
INSERT INTO ratings (user_id,book_id,rating) VALUES (17,1,0);
INSERT INTO ratings (user_id,book_id,rating) VALUES (17,2,0);
INSERT INTO ratings (user_id,book_id,rating) VALUES (17,3,0);
INSERT INTO ratings (user_id,book_id,rating) VALUES (17,4,0);
INSERT INTO ratings (user_id,book_id,rating) VALUES (17,5,5);
INSERT INTO ratings (user_id,book_id,rating) VALUES (17,6,0);
INSERT INTO ratings (user_id,book_id,rating) VALUES (17,7,0);
INSERT INTO ratings (user_id,book_id,rating) VALUES (17,8,0);
INSERT INTO ratings (user_id,book_id,rating) VALUES (17,9,0);
INSERT INTO ratings (user_id,book_id,rating) VALUES (17,10,3);
INSERT INTO ratings (user_id,book_id,rating) VALUES (17,11,0);
INSERT INTO ratings (user_id,book_id,rating) VALUES (17,12,0);
INSERT INTO ratings (user_id,book_id,rating) VALUES (17,13,0);
INSERT INTO ratings (user_id,book_id,rating) VALUES (17,14,0);
INSERT INTO ratings (user_id,book_id,rating) VALUES (17,15,0);
INSERT INTO ratings (user_id,book_id,rating) VALUES (17,16,0);
INSERT INTO ratings (user_id,book_id,rating) VALUES (17,17,0);
INSERT INTO ratings (user_id,book_id,rating) VALUES (17,18,0);
INSERT INTO ratings (user_id,book_id,rating) VALUES (17,19,-3);
INSERT INTO ratings (user_id,book_id,rating) VALUES (17,20,0);
INSERT INTO ratings (user_id,book_id,rating) VALUES (17,21,0);
INSERT INTO ratings (user_id,book_id,rating) VALUES (17,22,0);
INSERT INTO ratings (user_id,book_id,rating) VALUES (17,23,0);
INSERT INTO ratings (user_id,book_id,rating) VALUES (17,24,-3);
INSERT INTO ratings (user_id,book_id,rating) VALUES (17,25,0);
INSERT INTO ratings (user_id,book_id,rating) VALUES (17,26,0);
INSERT INTO ratings (user_id,book_id,rating) VALUES (17,27,0);
INSERT INTO ratings (user_id,book_id,rating) VALUES (17,28,0);
INSERT INTO ratings (user_id,book_id,rating) VALUES (17,29,0);
INSERT INTO ratings (user_id,book_id,rating) VALUES (17,30,0);
INSERT INTO ratings (user_id,book_id,rating) VALUES (17,31,0);
INSERT INTO ratings (user_id,book_id,rating) VALUES (17,32,3);
INSERT INTO ratings (user_id,book_id,rating) VALUES (17,33,0);
INSERT INTO ratings (user_id,book_id,rating) VALUES (17,34,3);
INSERT INTO ratings (user_id,book_id,rating) VALUES (17,35,0);
INSERT INTO ratings (user_id,book_id,rating) VALUES (17,36,0);
INSERT INTO ratings (user_id,book_id,rating) VALUES (17,37,0);
INSERT INTO ratings (user_id,book_id,rating) VALUES (17,38,-3);
INSERT INTO ratings (user_id,book_id,rating) VALUES (17,39,0);
INSERT INTO ratings (user_id,book_id,rating) VALUES (17,40,0);
INSERT INTO ratings (user_id,book_id,rating) VALUES (17,41,0);
INSERT INTO ratings (user_id,book_id,rating) VALUES (17,42,0);
INSERT INTO ratings (user_id,book_id,rating) VALUES (17,43,3);
INSERT INTO ratings (user_id,book_id,rating) VALUES (17,44,0);
INSERT INTO ratings (user_id,book_id,rating) VALUES (17,45,0);
INSERT INTO ratings (user_id,book_id,rating) VALUES (17,46,0);
INSERT INTO ratings (user_id,book_id,rating) VALUES (17,47,0);
INSERT INTO ratings (user_id,book_id,rating) VALUES (17,48,0);
INSERT INTO ratings (user_id,book_id,rating) VALUES (17,49,0);
INSERT INTO ratings (user_id,book_id,rating) VALUES (17,50,-3);
INSERT INTO ratings (user_id,book_id,rating) VALUES (17,51,-3);
INSERT INTO ratings (user_id,book_id,rating) VALUES (17,52,0);
INSERT INTO ratings (user_id,book_id,rating) VALUES (17,53,0);
INSERT INTO ratings (user_id,book_id,rating) VALUES (17,54,0);
INSERT INTO ratings (user_id,book_id,rating) VALUES (17,55,0);
INSERT INTO ratings (user_id,book_id,rating) VALUES (18,1,0);
INSERT INTO ratings (user_id,book_id,rating) VALUES (18,2,3);
INSERT INTO ratings (user_id,book_id,rating) VALUES (18,3,0);
INSERT INTO ratings (user_id,book_id,rating) VALUES (18,4,0);
INSERT INTO ratings (user_id,book_id,rating) VALUES (18,5,0);
INSERT INTO ratings (user_id,book_id,rating) VALUES (18,6,0);
INSERT INTO ratings (user_id,book_id,rating) VALUES (18,7,0);
INSERT INTO ratings (user_id,book_id,rating) VALUES (18,8,0);
INSERT INTO ratings (user_id,book_id,rating) VALUES (18,9,0);
INSERT INTO ratings (user_id,book_id,rating) VALUES (18,10,5);
INSERT INTO ratings (user_id,book_id,rating) VALUES (18,11,0);
INSERT INTO ratings (user_id,book_id,rating) VALUES (18,12,5);
INSERT INTO ratings (user_id,book_id,rating) VALUES (18,13,0);
INSERT INTO ratings (user_id,book_id,rating) VALUES (18,14,0);
INSERT INTO ratings (user_id,book_id,rating) VALUES (18,15,-3);
INSERT INTO ratings (user_id,book_id,rating) VALUES (18,16,5);
INSERT INTO ratings (user_id,book_id,rating) VALUES (18,17,0);
INSERT INTO ratings (user_id,book_id,rating) VALUES (18,18,0);
INSERT INTO ratings (user_id,book_id,rating) VALUES (18,19,1);
INSERT INTO ratings (user_id,book_id,rating) VALUES (18,20,0);
INSERT INTO ratings (user_id,book_id,rating) VALUES (18,21,0);
INSERT INTO ratings (user_id,book_id,rating) VALUES (18,22,3);
INSERT INTO ratings (user_id,book_id,rating) VALUES (18,23,0);
INSERT INTO ratings (user_id,book_id,rating) VALUES (18,24,0);
INSERT INTO ratings (user_id,book_id,rating) VALUES (18,25,3);
INSERT INTO ratings (user_id,book_id,rating) VALUES (18,26,0);
INSERT INTO ratings (user_id,book_id,rating) VALUES (18,27,0);
INSERT INTO ratings (user_id,book_id,rating) VALUES (18,28,0);
INSERT INTO ratings (user_id,book_id,rating) VALUES (18,29,0);
INSERT INTO ratings (user_id,book_id,rating) VALUES (18,30,0);
INSERT INTO ratings (user_id,book_id,rating) VALUES (18,31,1);
INSERT INTO ratings (user_id,book_id,rating) VALUES (18,32,3);
INSERT INTO ratings (user_id,book_id,rating) VALUES (18,33,3);
INSERT INTO ratings (user_id,book_id,rating) VALUES (18,34,0);
INSERT INTO ratings (user_id,book_id,rating) VALUES (18,35,0);
INSERT INTO ratings (user_id,book_id,rating) VALUES (18,36,0);
INSERT INTO ratings (user_id,book_id,rating) VALUES (18,37,0);
INSERT INTO ratings (user_id,book_id,rating) VALUES (18,38,0);
INSERT INTO ratings (user_id,book_id,rating) VALUES (18,39,5);
INSERT INTO ratings (user_id,book_id,rating) VALUES (18,40,0);
INSERT INTO ratings (user_id,book_id,rating) VALUES (18,41,0);
INSERT INTO ratings (user_id,book_id,rating) VALUES (18,42,0);
INSERT INTO ratings (user_id,book_id,rating) VALUES (18,43,5);
INSERT INTO ratings (user_id,book_id,rating) VALUES (18,44,3);
INSERT INTO ratings (user_id,book_id,rating) VALUES (18,45,0);
INSERT INTO ratings (user_id,book_id,rating) VALUES (18,46,3);
INSERT INTO ratings (user_id,book_id,rating) VALUES (18,47,0);
INSERT INTO ratings (user_id,book_id,rating) VALUES (18,48,0);
INSERT INTO ratings (user_id,book_id,rating) VALUES (18,49,0);
INSERT INTO ratings (user_id,book_id,rating) VALUES (18,50,5);
INSERT INTO ratings (user_id,book_id,rating) VALUES (18,51,5);
INSERT INTO ratings (user_id,book_id,rating) VALUES (18,52,3);
INSERT INTO ratings (user_id,book_id,rating) VALUES (18,53,0);
INSERT INTO ratings (user_id,book_id,rating) VALUES (18,54,0);
INSERT INTO ratings (user_id,book_id,rating) VALUES (18,55,0);
INSERT INTO ratings (user_id,book_id,rating) VALUES (19,1,5);
INSERT INTO ratings (user_id,book_id,rating) VALUES (19,2,1);
INSERT INTO ratings (user_id,book_id,rating) VALUES (19,3,0);
INSERT INTO ratings (user_id,book_id,rating) VALUES (19,4,0);
INSERT INTO ratings (user_id,book_id,rating) VALUES (19,5,0);
INSERT INTO ratings (user_id,book_id,rating) VALUES (19,6,0);
INSERT INTO ratings (user_id,book_id,rating) VALUES (19,7,0);
INSERT INTO ratings (user_id,book_id,rating) VALUES (19,8,0);
INSERT INTO ratings (user_id,book_id,rating) VALUES (19,9,0);
INSERT INTO ratings (user_id,book_id,rating) VALUES (19,10,0);
INSERT INTO ratings (user_id,book_id,rating) VALUES (19,11,0);
INSERT INTO ratings (user_id,book_id,rating) VALUES (19,12,5);
INSERT INTO ratings (user_id,book_id,rating) VALUES (19,13,0);
INSERT INTO ratings (user_id,book_id,rating) VALUES (19,14,0);
INSERT INTO ratings (user_id,book_id,rating) VALUES (19,15,3);
INSERT INTO ratings (user_id,book_id,rating) VALUES (19,16,0);
INSERT INTO ratings (user_id,book_id,rating) VALUES (19,17,0);
INSERT INTO ratings (user_id,book_id,rating) VALUES (19,18,5);
INSERT INTO ratings (user_id,book_id,rating) VALUES (19,19,3);
INSERT INTO ratings (user_id,book_id,rating) VALUES (19,20,0);
INSERT INTO ratings (user_id,book_id,rating) VALUES (19,21,0);
INSERT INTO ratings (user_id,book_id,rating) VALUES (19,22,0);
INSERT INTO ratings (user_id,book_id,rating) VALUES (19,23,0);
INSERT INTO ratings (user_id,book_id,rating) VALUES (19,24,3);
INSERT INTO ratings (user_id,book_id,rating) VALUES (19,25,0);
INSERT INTO ratings (user_id,book_id,rating) VALUES (19,26,1);
INSERT INTO ratings (user_id,book_id,rating) VALUES (19,27,1);
INSERT INTO ratings (user_id,book_id,rating) VALUES (19,28,0);
INSERT INTO ratings (user_id,book_id,rating) VALUES (19,29,0);
INSERT INTO ratings (user_id,book_id,rating) VALUES (19,30,0);
INSERT INTO ratings (user_id,book_id,rating) VALUES (19,31,3);
INSERT INTO ratings (user_id,book_id,rating) VALUES (19,32,3);
INSERT INTO ratings (user_id,book_id,rating) VALUES (19,33,0);
INSERT INTO ratings (user_id,book_id,rating) VALUES (19,34,5);
INSERT INTO ratings (user_id,book_id,rating) VALUES (19,35,0);
INSERT INTO ratings (user_id,book_id,rating) VALUES (19,36,-3);
INSERT INTO ratings (user_id,book_id,rating) VALUES (19,37,0);
INSERT INTO ratings (user_id,book_id,rating) VALUES (19,38,3);
INSERT INTO ratings (user_id,book_id,rating) VALUES (19,39,0);
INSERT INTO ratings (user_id,book_id,rating) VALUES (19,40,0);
INSERT INTO ratings (user_id,book_id,rating) VALUES (19,41,0);
INSERT INTO ratings (user_id,book_id,rating) VALUES (19,42,5);
INSERT INTO ratings (user_id,book_id,rating) VALUES (19,43,3);
INSERT INTO ratings (user_id,book_id,rating) VALUES (19,44,0);
INSERT INTO ratings (user_id,book_id,rating) VALUES (19,45,0);
INSERT INTO ratings (user_id,book_id,rating) VALUES (19,46,0);
INSERT INTO ratings (user_id,book_id,rating) VALUES (19,47,0);
INSERT INTO ratings (user_id,book_id,rating) VALUES (19,48,0);
INSERT INTO ratings (user_id,book_id,rating) VALUES (19,49,0);
INSERT INTO ratings (user_id,book_id,rating) VALUES (19,50,0);
INSERT INTO ratings (user_id,book_id,rating) VALUES (19,51,3);
INSERT INTO ratings (user_id,book_id,rating) VALUES (19,52,0);
INSERT INTO ratings (user_id,book_id,rating) VALUES (19,53,1);
INSERT INTO ratings (user_id,book_id,rating) VALUES (19,54,0);
INSERT INTO ratings (user_id,book_id,rating) VALUES (19,55,0);
INSERT INTO ratings (user_id,book_id,rating) VALUES (20,1,5);
INSERT INTO ratings (user_id,book_id,rating) VALUES (20,2,0);
INSERT INTO ratings (user_id,book_id,rating) VALUES (20,3,0);
INSERT INTO ratings (user_id,book_id,rating) VALUES (20,4,0);
INSERT INTO ratings (user_id,book_id,rating) VALUES (20,5,1);
INSERT INTO ratings (user_id,book_id,rating) VALUES (20,6,0);
INSERT INTO ratings (user_id,book_id,rating) VALUES (20,7,0);
INSERT INTO ratings (user_id,book_id,rating) VALUES (20,8,0);
INSERT INTO ratings (user_id,book_id,rating) VALUES (20,9,0);
INSERT INTO ratings (user_id,book_id,rating) VALUES (20,10,-5);
INSERT INTO ratings (user_id,book_id,rating) VALUES (20,11,0);
INSERT INTO ratings (user_id,book_id,rating) VALUES (20,12,5);
INSERT INTO ratings (user_id,book_id,rating) VALUES (20,13,0);
INSERT INTO ratings (user_id,book_id,rating) VALUES (20,14,0);
INSERT INTO ratings (user_id,book_id,rating) VALUES (20,15,0);
INSERT INTO ratings (user_id,book_id,rating) VALUES (20,16,0);
INSERT INTO ratings (user_id,book_id,rating) VALUES (20,17,0);
INSERT INTO ratings (user_id,book_id,rating) VALUES (20,18,3);
INSERT INTO ratings (user_id,book_id,rating) VALUES (20,19,-3);
INSERT INTO ratings (user_id,book_id,rating) VALUES (20,20,3);
INSERT INTO ratings (user_id,book_id,rating) VALUES (20,21,0);
INSERT INTO ratings (user_id,book_id,rating) VALUES (20,22,0);
INSERT INTO ratings (user_id,book_id,rating) VALUES (20,23,0);
INSERT INTO ratings (user_id,book_id,rating) VALUES (20,24,5);
INSERT INTO ratings (user_id,book_id,rating) VALUES (20,25,0);
INSERT INTO ratings (user_id,book_id,rating) VALUES (20,26,5);
INSERT INTO ratings (user_id,book_id,rating) VALUES (20,27,0);
INSERT INTO ratings (user_id,book_id,rating) VALUES (20,28,0);
INSERT INTO ratings (user_id,book_id,rating) VALUES (20,29,0);
INSERT INTO ratings (user_id,book_id,rating) VALUES (20,30,0);
INSERT INTO ratings (user_id,book_id,rating) VALUES (20,31,3);
INSERT INTO ratings (user_id,book_id,rating) VALUES (20,32,3);
INSERT INTO ratings (user_id,book_id,rating) VALUES (20,33,0);
INSERT INTO ratings (user_id,book_id,rating) VALUES (20,34,5);
INSERT INTO ratings (user_id,book_id,rating) VALUES (20,35,0);
INSERT INTO ratings (user_id,book_id,rating) VALUES (20,36,0);
INSERT INTO ratings (user_id,book_id,rating) VALUES (20,37,0);
INSERT INTO ratings (user_id,book_id,rating) VALUES (20,38,5);
INSERT INTO ratings (user_id,book_id,rating) VALUES (20,39,0);
INSERT INTO ratings (user_id,book_id,rating) VALUES (20,40,0);
INSERT INTO ratings (user_id,book_id,rating) VALUES (20,41,0);
INSERT INTO ratings (user_id,book_id,rating) VALUES (20,42,0);
INSERT INTO ratings (user_id,book_id,rating) VALUES (20,43,3);
INSERT INTO ratings (user_id,book_id,rating) VALUES (20,44,0);
INSERT INTO ratings (user_id,book_id,rating) VALUES (20,45,0);
INSERT INTO ratings (user_id,book_id,rating) VALUES (20,46,0);
INSERT INTO ratings (user_id,book_id,rating) VALUES (20,47,0);
INSERT INTO ratings (user_id,book_id,rating) VALUES (20,48,5);
INSERT INTO ratings (user_id,book_id,rating) VALUES (20,49,0);
INSERT INTO ratings (user_id,book_id,rating) VALUES (20,50,0);
INSERT INTO ratings (user_id,book_id,rating) VALUES (20,51,0);
INSERT INTO ratings (user_id,book_id,rating) VALUES (20,52,0);
INSERT INTO ratings (user_id,book_id,rating) VALUES (20,53,0);
INSERT INTO ratings (user_id,book_id,rating) VALUES (20,54,0);
INSERT INTO ratings (user_id,book_id,rating) VALUES (20,55,0);
INSERT INTO ratings (user_id,book_id,rating) VALUES (21,1,0);
INSERT INTO ratings (user_id,book_id,rating) VALUES (21,2,0);
INSERT INTO ratings (user_id,book_id,rating) VALUES (21,3,3);
INSERT INTO ratings (user_id,book_id,rating) VALUES (21,4,0);
INSERT INTO ratings (user_id,book_id,rating) VALUES (21,5,0);
INSERT INTO ratings (user_id,book_id,rating) VALUES (21,6,0);
INSERT INTO ratings (user_id,book_id,rating) VALUES (21,7,0);
INSERT INTO ratings (user_id,book_id,rating) VALUES (21,8,0);
INSERT INTO ratings (user_id,book_id,rating) VALUES (21,9,0);
INSERT INTO ratings (user_id,book_id,rating) VALUES (21,10,-3);
INSERT INTO ratings (user_id,book_id,rating) VALUES (21,11,0);
INSERT INTO ratings (user_id,book_id,rating) VALUES (21,12,0);
INSERT INTO ratings (user_id,book_id,rating) VALUES (21,13,0);
INSERT INTO ratings (user_id,book_id,rating) VALUES (21,14,0);
INSERT INTO ratings (user_id,book_id,rating) VALUES (21,15,5);
INSERT INTO ratings (user_id,book_id,rating) VALUES (21,16,0);
INSERT INTO ratings (user_id,book_id,rating) VALUES (21,17,0);
INSERT INTO ratings (user_id,book_id,rating) VALUES (21,18,0);
INSERT INTO ratings (user_id,book_id,rating) VALUES (21,19,5);
INSERT INTO ratings (user_id,book_id,rating) VALUES (21,20,0);
INSERT INTO ratings (user_id,book_id,rating) VALUES (21,21,0);
INSERT INTO ratings (user_id,book_id,rating) VALUES (21,22,0);
INSERT INTO ratings (user_id,book_id,rating) VALUES (21,23,0);
INSERT INTO ratings (user_id,book_id,rating) VALUES (21,24,0);
INSERT INTO ratings (user_id,book_id,rating) VALUES (21,25,0);
INSERT INTO ratings (user_id,book_id,rating) VALUES (21,26,0);
INSERT INTO ratings (user_id,book_id,rating) VALUES (21,27,0);
INSERT INTO ratings (user_id,book_id,rating) VALUES (21,28,0);
INSERT INTO ratings (user_id,book_id,rating) VALUES (21,29,0);
INSERT INTO ratings (user_id,book_id,rating) VALUES (21,30,0);
INSERT INTO ratings (user_id,book_id,rating) VALUES (21,31,5);
INSERT INTO ratings (user_id,book_id,rating) VALUES (21,32,0);
INSERT INTO ratings (user_id,book_id,rating) VALUES (21,33,0);
INSERT INTO ratings (user_id,book_id,rating) VALUES (21,34,0);
INSERT INTO ratings (user_id,book_id,rating) VALUES (21,35,0);
INSERT INTO ratings (user_id,book_id,rating) VALUES (21,36,0);
INSERT INTO ratings (user_id,book_id,rating) VALUES (21,37,0);
INSERT INTO ratings (user_id,book_id,rating) VALUES (21,38,5);
INSERT INTO ratings (user_id,book_id,rating) VALUES (21,39,0);
INSERT INTO ratings (user_id,book_id,rating) VALUES (21,40,0);
INSERT INTO ratings (user_id,book_id,rating) VALUES (21,41,0);
INSERT INTO ratings (user_id,book_id,rating) VALUES (21,42,0);
INSERT INTO ratings (user_id,book_id,rating) VALUES (21,43,0);
INSERT INTO ratings (user_id,book_id,rating) VALUES (21,44,0);
INSERT INTO ratings (user_id,book_id,rating) VALUES (21,45,0);
INSERT INTO ratings (user_id,book_id,rating) VALUES (21,46,0);
INSERT INTO ratings (user_id,book_id,rating) VALUES (21,47,0);
INSERT INTO ratings (user_id,book_id,rating) VALUES (21,48,0);
INSERT INTO ratings (user_id,book_id,rating) VALUES (21,49,0);
INSERT INTO ratings (user_id,book_id,rating) VALUES (21,50,3);
INSERT INTO ratings (user_id,book_id,rating) VALUES (21,51,3);
INSERT INTO ratings (user_id,book_id,rating) VALUES (21,52,0);
INSERT INTO ratings (user_id,book_id,rating) VALUES (21,53,0);
INSERT INTO ratings (user_id,book_id,rating) VALUES (21,54,0);
INSERT INTO ratings (user_id,book_id,rating) VALUES (21,55,0);
INSERT INTO ratings (user_id,book_id,rating) VALUES (22,1,3);
INSERT INTO ratings (user_id,book_id,rating) VALUES (22,2,0);
INSERT INTO ratings (user_id,book_id,rating) VALUES (22,3,0);
INSERT INTO ratings (user_id,book_id,rating) VALUES (22,4,0);
INSERT INTO ratings (user_id,book_id,rating) VALUES (22,5,0);
INSERT INTO ratings (user_id,book_id,rating) VALUES (22,6,0);
INSERT INTO ratings (user_id,book_id,rating) VALUES (22,7,0);
INSERT INTO ratings (user_id,book_id,rating) VALUES (22,8,0);
INSERT INTO ratings (user_id,book_id,rating) VALUES (22,9,0);
INSERT INTO ratings (user_id,book_id,rating) VALUES (22,10,3);
INSERT INTO ratings (user_id,book_id,rating) VALUES (22,11,0);
INSERT INTO ratings (user_id,book_id,rating) VALUES (22,12,5);
INSERT INTO ratings (user_id,book_id,rating) VALUES (22,13,0);
INSERT INTO ratings (user_id,book_id,rating) VALUES (22,14,0);
INSERT INTO ratings (user_id,book_id,rating) VALUES (22,15,5);
INSERT INTO ratings (user_id,book_id,rating) VALUES (22,16,0);
INSERT INTO ratings (user_id,book_id,rating) VALUES (22,17,1);
INSERT INTO ratings (user_id,book_id,rating) VALUES (22,18,1);
INSERT INTO ratings (user_id,book_id,rating) VALUES (22,19,3);
INSERT INTO ratings (user_id,book_id,rating) VALUES (22,20,0);
INSERT INTO ratings (user_id,book_id,rating) VALUES (22,21,1);
INSERT INTO ratings (user_id,book_id,rating) VALUES (22,22,0);
INSERT INTO ratings (user_id,book_id,rating) VALUES (22,23,3);
INSERT INTO ratings (user_id,book_id,rating) VALUES (22,24,0);
INSERT INTO ratings (user_id,book_id,rating) VALUES (22,25,0);
INSERT INTO ratings (user_id,book_id,rating) VALUES (22,26,0);
INSERT INTO ratings (user_id,book_id,rating) VALUES (22,27,0);
INSERT INTO ratings (user_id,book_id,rating) VALUES (22,28,3);
INSERT INTO ratings (user_id,book_id,rating) VALUES (22,29,3);
INSERT INTO ratings (user_id,book_id,rating) VALUES (22,30,0);
INSERT INTO ratings (user_id,book_id,rating) VALUES (22,31,5);
INSERT INTO ratings (user_id,book_id,rating) VALUES (22,32,3);
INSERT INTO ratings (user_id,book_id,rating) VALUES (22,33,1);
INSERT INTO ratings (user_id,book_id,rating) VALUES (22,34,3);
INSERT INTO ratings (user_id,book_id,rating) VALUES (22,35,0);
INSERT INTO ratings (user_id,book_id,rating) VALUES (22,36,1);
INSERT INTO ratings (user_id,book_id,rating) VALUES (22,37,0);
INSERT INTO ratings (user_id,book_id,rating) VALUES (22,38,3);
INSERT INTO ratings (user_id,book_id,rating) VALUES (22,39,1);
INSERT INTO ratings (user_id,book_id,rating) VALUES (22,40,0);
INSERT INTO ratings (user_id,book_id,rating) VALUES (22,41,0);
INSERT INTO ratings (user_id,book_id,rating) VALUES (22,42,5);
INSERT INTO ratings (user_id,book_id,rating) VALUES (22,43,3);
INSERT INTO ratings (user_id,book_id,rating) VALUES (22,44,0);
INSERT INTO ratings (user_id,book_id,rating) VALUES (22,45,5);
INSERT INTO ratings (user_id,book_id,rating) VALUES (22,46,0);
INSERT INTO ratings (user_id,book_id,rating) VALUES (22,47,1);
INSERT INTO ratings (user_id,book_id,rating) VALUES (22,48,0);
INSERT INTO ratings (user_id,book_id,rating) VALUES (22,49,0);
INSERT INTO ratings (user_id,book_id,rating) VALUES (22,50,1);
INSERT INTO ratings (user_id,book_id,rating) VALUES (22,51,5);
INSERT INTO ratings (user_id,book_id,rating) VALUES (22,52,0);
INSERT INTO ratings (user_id,book_id,rating) VALUES (22,53,0);
INSERT INTO ratings (user_id,book_id,rating) VALUES (22,54,0);
INSERT INTO ratings (user_id,book_id,rating) VALUES (22,55,0);
INSERT INTO ratings (user_id,book_id,rating) VALUES (23,1,5);
INSERT INTO ratings (user_id,book_id,rating) VALUES (23,2,0);
INSERT INTO ratings (user_id,book_id,rating) VALUES (23,3,0);
INSERT INTO ratings (user_id,book_id,rating) VALUES (23,4,0);
INSERT INTO ratings (user_id,book_id,rating) VALUES (23,5,0);
INSERT INTO ratings (user_id,book_id,rating) VALUES (23,6,0);
INSERT INTO ratings (user_id,book_id,rating) VALUES (23,7,5);
INSERT INTO ratings (user_id,book_id,rating) VALUES (23,8,0);
INSERT INTO ratings (user_id,book_id,rating) VALUES (23,9,0);
INSERT INTO ratings (user_id,book_id,rating) VALUES (23,10,0);
INSERT INTO ratings (user_id,book_id,rating) VALUES (23,11,0);
INSERT INTO ratings (user_id,book_id,rating) VALUES (23,12,3);
INSERT INTO ratings (user_id,book_id,rating) VALUES (23,13,3);
INSERT INTO ratings (user_id,book_id,rating) VALUES (23,14,0);
INSERT INTO ratings (user_id,book_id,rating) VALUES (23,15,1);
INSERT INTO ratings (user_id,book_id,rating) VALUES (23,16,0);
INSERT INTO ratings (user_id,book_id,rating) VALUES (23,17,0);
INSERT INTO ratings (user_id,book_id,rating) VALUES (23,18,0);
INSERT INTO ratings (user_id,book_id,rating) VALUES (23,19,0);
INSERT INTO ratings (user_id,book_id,rating) VALUES (23,20,0);
INSERT INTO ratings (user_id,book_id,rating) VALUES (23,21,0);
INSERT INTO ratings (user_id,book_id,rating) VALUES (23,22,0);
INSERT INTO ratings (user_id,book_id,rating) VALUES (23,23,3);
INSERT INTO ratings (user_id,book_id,rating) VALUES (23,24,5);
INSERT INTO ratings (user_id,book_id,rating) VALUES (23,25,0);
INSERT INTO ratings (user_id,book_id,rating) VALUES (23,26,0);
INSERT INTO ratings (user_id,book_id,rating) VALUES (23,27,0);
INSERT INTO ratings (user_id,book_id,rating) VALUES (23,28,0);
INSERT INTO ratings (user_id,book_id,rating) VALUES (23,29,0);
INSERT INTO ratings (user_id,book_id,rating) VALUES (23,30,0);
INSERT INTO ratings (user_id,book_id,rating) VALUES (23,31,0);
INSERT INTO ratings (user_id,book_id,rating) VALUES (23,32,1);
INSERT INTO ratings (user_id,book_id,rating) VALUES (23,33,0);
INSERT INTO ratings (user_id,book_id,rating) VALUES (23,34,3);
INSERT INTO ratings (user_id,book_id,rating) VALUES (23,35,0);
INSERT INTO ratings (user_id,book_id,rating) VALUES (23,36,0);
INSERT INTO ratings (user_id,book_id,rating) VALUES (23,37,0);
INSERT INTO ratings (user_id,book_id,rating) VALUES (23,38,5);
INSERT INTO ratings (user_id,book_id,rating) VALUES (23,39,0);
INSERT INTO ratings (user_id,book_id,rating) VALUES (23,40,0);
INSERT INTO ratings (user_id,book_id,rating) VALUES (23,41,0);
INSERT INTO ratings (user_id,book_id,rating) VALUES (23,42,0);
INSERT INTO ratings (user_id,book_id,rating) VALUES (23,43,0);
INSERT INTO ratings (user_id,book_id,rating) VALUES (23,44,0);
INSERT INTO ratings (user_id,book_id,rating) VALUES (23,45,0);
INSERT INTO ratings (user_id,book_id,rating) VALUES (23,46,0);
INSERT INTO ratings (user_id,book_id,rating) VALUES (23,47,0);
INSERT INTO ratings (user_id,book_id,rating) VALUES (23,48,0);
INSERT INTO ratings (user_id,book_id,rating) VALUES (23,49,0);
INSERT INTO ratings (user_id,book_id,rating) VALUES (23,50,-3);
INSERT INTO ratings (user_id,book_id,rating) VALUES (23,51,1);
INSERT INTO ratings (user_id,book_id,rating) VALUES (23,52,0);
INSERT INTO ratings (user_id,book_id,rating) VALUES (23,53,1);
INSERT INTO ratings (user_id,book_id,rating) VALUES (23,54,0);
INSERT INTO ratings (user_id,book_id,rating) VALUES (23,55,-3);
INSERT INTO ratings (user_id,book_id,rating) VALUES (24,1,0);
INSERT INTO ratings (user_id,book_id,rating) VALUES (24,2,0);
INSERT INTO ratings (user_id,book_id,rating) VALUES (24,3,0);
INSERT INTO ratings (user_id,book_id,rating) VALUES (24,4,0);
INSERT INTO ratings (user_id,book_id,rating) VALUES (24,5,0);
INSERT INTO ratings (user_id,book_id,rating) VALUES (24,6,0);
INSERT INTO ratings (user_id,book_id,rating) VALUES (24,7,0);
INSERT INTO ratings (user_id,book_id,rating) VALUES (24,8,0);
INSERT INTO ratings (user_id,book_id,rating) VALUES (24,9,0);
INSERT INTO ratings (user_id,book_id,rating) VALUES (24,10,-5);
INSERT INTO ratings (user_id,book_id,rating) VALUES (24,11,0);
INSERT INTO ratings (user_id,book_id,rating) VALUES (24,12,1);
INSERT INTO ratings (user_id,book_id,rating) VALUES (24,13,0);
INSERT INTO ratings (user_id,book_id,rating) VALUES (24,14,0);
INSERT INTO ratings (user_id,book_id,rating) VALUES (24,15,0);
INSERT INTO ratings (user_id,book_id,rating) VALUES (24,16,0);
INSERT INTO ratings (user_id,book_id,rating) VALUES (24,17,0);
INSERT INTO ratings (user_id,book_id,rating) VALUES (24,18,0);
INSERT INTO ratings (user_id,book_id,rating) VALUES (24,19,1);
INSERT INTO ratings (user_id,book_id,rating) VALUES (24,20,0);
INSERT INTO ratings (user_id,book_id,rating) VALUES (24,21,0);
INSERT INTO ratings (user_id,book_id,rating) VALUES (24,22,0);
INSERT INTO ratings (user_id,book_id,rating) VALUES (24,23,0);
INSERT INTO ratings (user_id,book_id,rating) VALUES (24,24,0);
INSERT INTO ratings (user_id,book_id,rating) VALUES (24,25,0);
INSERT INTO ratings (user_id,book_id,rating) VALUES (24,26,0);
INSERT INTO ratings (user_id,book_id,rating) VALUES (24,27,0);
INSERT INTO ratings (user_id,book_id,rating) VALUES (24,28,1);
INSERT INTO ratings (user_id,book_id,rating) VALUES (24,29,1);
INSERT INTO ratings (user_id,book_id,rating) VALUES (24,30,0);
INSERT INTO ratings (user_id,book_id,rating) VALUES (24,31,0);
INSERT INTO ratings (user_id,book_id,rating) VALUES (24,32,0);
INSERT INTO ratings (user_id,book_id,rating) VALUES (24,33,0);
INSERT INTO ratings (user_id,book_id,rating) VALUES (24,34,0);
INSERT INTO ratings (user_id,book_id,rating) VALUES (24,35,0);
INSERT INTO ratings (user_id,book_id,rating) VALUES (24,36,0);
INSERT INTO ratings (user_id,book_id,rating) VALUES (24,37,0);
INSERT INTO ratings (user_id,book_id,rating) VALUES (24,38,3);
INSERT INTO ratings (user_id,book_id,rating) VALUES (24,39,0);
INSERT INTO ratings (user_id,book_id,rating) VALUES (24,40,0);
INSERT INTO ratings (user_id,book_id,rating) VALUES (24,41,0);
INSERT INTO ratings (user_id,book_id,rating) VALUES (24,42,0);
INSERT INTO ratings (user_id,book_id,rating) VALUES (24,43,5);
INSERT INTO ratings (user_id,book_id,rating) VALUES (24,44,0);
INSERT INTO ratings (user_id,book_id,rating) VALUES (24,45,0);
INSERT INTO ratings (user_id,book_id,rating) VALUES (24,46,0);
INSERT INTO ratings (user_id,book_id,rating) VALUES (24,47,0);
INSERT INTO ratings (user_id,book_id,rating) VALUES (24,48,0);
INSERT INTO ratings (user_id,book_id,rating) VALUES (24,49,0);
INSERT INTO ratings (user_id,book_id,rating) VALUES (24,50,3);
INSERT INTO ratings (user_id,book_id,rating) VALUES (24,51,0);
INSERT INTO ratings (user_id,book_id,rating) VALUES (24,52,0);
INSERT INTO ratings (user_id,book_id,rating) VALUES (24,53,0);
INSERT INTO ratings (user_id,book_id,rating) VALUES (24,54,0);
INSERT INTO ratings (user_id,book_id,rating) VALUES (24,55,0);
INSERT INTO ratings (user_id,book_id,rating) VALUES (25,1,0);
INSERT INTO ratings (user_id,book_id,rating) VALUES (25,2,0);
INSERT INTO ratings (user_id,book_id,rating) VALUES (25,3,0);
INSERT INTO ratings (user_id,book_id,rating) VALUES (25,4,0);
INSERT INTO ratings (user_id,book_id,rating) VALUES (25,5,0);
INSERT INTO ratings (user_id,book_id,rating) VALUES (25,6,0);
INSERT INTO ratings (user_id,book_id,rating) VALUES (25,7,0);
INSERT INTO ratings (user_id,book_id,rating) VALUES (25,8,0);
INSERT INTO ratings (user_id,book_id,rating) VALUES (25,9,0);
INSERT INTO ratings (user_id,book_id,rating) VALUES (25,10,1);
INSERT INTO ratings (user_id,book_id,rating) VALUES (25,11,0);
INSERT INTO ratings (user_id,book_id,rating) VALUES (25,12,0);
INSERT INTO ratings (user_id,book_id,rating) VALUES (25,13,0);
INSERT INTO ratings (user_id,book_id,rating) VALUES (25,14,0);
INSERT INTO ratings (user_id,book_id,rating) VALUES (25,15,0);
INSERT INTO ratings (user_id,book_id,rating) VALUES (25,16,0);
INSERT INTO ratings (user_id,book_id,rating) VALUES (25,17,0);
INSERT INTO ratings (user_id,book_id,rating) VALUES (25,18,0);
INSERT INTO ratings (user_id,book_id,rating) VALUES (25,19,3);
INSERT INTO ratings (user_id,book_id,rating) VALUES (25,20,0);
INSERT INTO ratings (user_id,book_id,rating) VALUES (25,21,0);
INSERT INTO ratings (user_id,book_id,rating) VALUES (25,22,0);
INSERT INTO ratings (user_id,book_id,rating) VALUES (25,23,0);
INSERT INTO ratings (user_id,book_id,rating) VALUES (25,24,-3);
INSERT INTO ratings (user_id,book_id,rating) VALUES (25,25,0);
INSERT INTO ratings (user_id,book_id,rating) VALUES (25,26,0);
INSERT INTO ratings (user_id,book_id,rating) VALUES (25,27,0);
INSERT INTO ratings (user_id,book_id,rating) VALUES (25,28,0);
INSERT INTO ratings (user_id,book_id,rating) VALUES (25,29,0);
INSERT INTO ratings (user_id,book_id,rating) VALUES (25,30,0);
INSERT INTO ratings (user_id,book_id,rating) VALUES (25,31,1);
INSERT INTO ratings (user_id,book_id,rating) VALUES (25,32,1);
INSERT INTO ratings (user_id,book_id,rating) VALUES (25,33,0);
INSERT INTO ratings (user_id,book_id,rating) VALUES (25,34,0);
INSERT INTO ratings (user_id,book_id,rating) VALUES (25,35,0);
INSERT INTO ratings (user_id,book_id,rating) VALUES (25,36,-3);
INSERT INTO ratings (user_id,book_id,rating) VALUES (25,37,0);
INSERT INTO ratings (user_id,book_id,rating) VALUES (25,38,0);
INSERT INTO ratings (user_id,book_id,rating) VALUES (25,39,3);
INSERT INTO ratings (user_id,book_id,rating) VALUES (25,40,1);
INSERT INTO ratings (user_id,book_id,rating) VALUES (25,41,0);
INSERT INTO ratings (user_id,book_id,rating) VALUES (25,42,3);
INSERT INTO ratings (user_id,book_id,rating) VALUES (25,43,1);
INSERT INTO ratings (user_id,book_id,rating) VALUES (25,44,0);
INSERT INTO ratings (user_id,book_id,rating) VALUES (25,45,0);
INSERT INTO ratings (user_id,book_id,rating) VALUES (25,46,0);
INSERT INTO ratings (user_id,book_id,rating) VALUES (25,47,0);
INSERT INTO ratings (user_id,book_id,rating) VALUES (25,48,0);
INSERT INTO ratings (user_id,book_id,rating) VALUES (25,49,3);
INSERT INTO ratings (user_id,book_id,rating) VALUES (25,50,0);
INSERT INTO ratings (user_id,book_id,rating) VALUES (25,51,0);
INSERT INTO ratings (user_id,book_id,rating) VALUES (25,52,0);
INSERT INTO ratings (user_id,book_id,rating) VALUES (25,53,0);
INSERT INTO ratings (user_id,book_id,rating) VALUES (25,54,0);
INSERT INTO ratings (user_id,book_id,rating) VALUES (25,55,-3);
INSERT INTO ratings (user_id,book_id,rating) VALUES (26,1,5);
INSERT INTO ratings (user_id,book_id,rating) VALUES (26,2,0);
INSERT INTO ratings (user_id,book_id,rating) VALUES (26,3,0);
INSERT INTO ratings (user_id,book_id,rating) VALUES (26,4,0);
INSERT INTO ratings (user_id,book_id,rating) VALUES (26,5,0);
INSERT INTO ratings (user_id,book_id,rating) VALUES (26,6,0);
INSERT INTO ratings (user_id,book_id,rating) VALUES (26,7,5);
INSERT INTO ratings (user_id,book_id,rating) VALUES (26,8,0);
INSERT INTO ratings (user_id,book_id,rating) VALUES (26,9,0);
INSERT INTO ratings (user_id,book_id,rating) VALUES (26,10,3);
INSERT INTO ratings (user_id,book_id,rating) VALUES (26,11,0);
INSERT INTO ratings (user_id,book_id,rating) VALUES (26,12,5);
INSERT INTO ratings (user_id,book_id,rating) VALUES (26,13,0);
INSERT INTO ratings (user_id,book_id,rating) VALUES (26,14,0);
INSERT INTO ratings (user_id,book_id,rating) VALUES (26,15,0);
INSERT INTO ratings (user_id,book_id,rating) VALUES (26,16,0);
INSERT INTO ratings (user_id,book_id,rating) VALUES (26,17,0);
INSERT INTO ratings (user_id,book_id,rating) VALUES (26,18,1);
INSERT INTO ratings (user_id,book_id,rating) VALUES (26,19,0);
INSERT INTO ratings (user_id,book_id,rating) VALUES (26,20,0);
INSERT INTO ratings (user_id,book_id,rating) VALUES (26,21,0);
INSERT INTO ratings (user_id,book_id,rating) VALUES (26,22,0);
INSERT INTO ratings (user_id,book_id,rating) VALUES (26,23,0);
INSERT INTO ratings (user_id,book_id,rating) VALUES (26,24,0);
INSERT INTO ratings (user_id,book_id,rating) VALUES (26,25,0);
INSERT INTO ratings (user_id,book_id,rating) VALUES (26,26,0);
INSERT INTO ratings (user_id,book_id,rating) VALUES (26,27,0);
INSERT INTO ratings (user_id,book_id,rating) VALUES (26,28,0);
INSERT INTO ratings (user_id,book_id,rating) VALUES (26,29,0);
INSERT INTO ratings (user_id,book_id,rating) VALUES (26,30,0);
INSERT INTO ratings (user_id,book_id,rating) VALUES (26,31,0);
INSERT INTO ratings (user_id,book_id,rating) VALUES (26,32,0);
INSERT INTO ratings (user_id,book_id,rating) VALUES (26,33,3);
INSERT INTO ratings (user_id,book_id,rating) VALUES (26,34,0);
INSERT INTO ratings (user_id,book_id,rating) VALUES (26,35,0);
INSERT INTO ratings (user_id,book_id,rating) VALUES (26,36,0);
INSERT INTO ratings (user_id,book_id,rating) VALUES (26,37,0);
INSERT INTO ratings (user_id,book_id,rating) VALUES (26,38,0);
INSERT INTO ratings (user_id,book_id,rating) VALUES (26,39,0);
INSERT INTO ratings (user_id,book_id,rating) VALUES (26,40,0);
INSERT INTO ratings (user_id,book_id,rating) VALUES (26,41,0);
INSERT INTO ratings (user_id,book_id,rating) VALUES (26,42,0);
INSERT INTO ratings (user_id,book_id,rating) VALUES (26,43,0);
INSERT INTO ratings (user_id,book_id,rating) VALUES (26,44,0);
INSERT INTO ratings (user_id,book_id,rating) VALUES (26,45,0);
INSERT INTO ratings (user_id,book_id,rating) VALUES (26,46,0);
INSERT INTO ratings (user_id,book_id,rating) VALUES (26,47,0);
INSERT INTO ratings (user_id,book_id,rating) VALUES (26,48,0);
INSERT INTO ratings (user_id,book_id,rating) VALUES (26,49,0);
INSERT INTO ratings (user_id,book_id,rating) VALUES (26,50,5);
INSERT INTO ratings (user_id,book_id,rating) VALUES (26,51,3);
INSERT INTO ratings (user_id,book_id,rating) VALUES (26,52,0);
INSERT INTO ratings (user_id,book_id,rating) VALUES (26,53,5);
INSERT INTO ratings (user_id,book_id,rating) VALUES (26,54,0);
INSERT INTO ratings (user_id,book_id,rating) VALUES (26,55,3);
INSERT INTO ratings (user_id,book_id,rating) VALUES (27,1,0);
INSERT INTO ratings (user_id,book_id,rating) VALUES (27,2,0);
INSERT INTO ratings (user_id,book_id,rating) VALUES (27,3,5);
INSERT INTO ratings (user_id,book_id,rating) VALUES (27,4,0);
INSERT INTO ratings (user_id,book_id,rating) VALUES (27,5,0);
INSERT INTO ratings (user_id,book_id,rating) VALUES (27,6,0);
INSERT INTO ratings (user_id,book_id,rating) VALUES (27,7,0);
INSERT INTO ratings (user_id,book_id,rating) VALUES (27,8,3);
INSERT INTO ratings (user_id,book_id,rating) VALUES (27,9,0);
INSERT INTO ratings (user_id,book_id,rating) VALUES (27,10,0);
INSERT INTO ratings (user_id,book_id,rating) VALUES (27,11,1);
INSERT INTO ratings (user_id,book_id,rating) VALUES (27,12,0);
INSERT INTO ratings (user_id,book_id,rating) VALUES (27,13,0);
INSERT INTO ratings (user_id,book_id,rating) VALUES (27,14,0);
INSERT INTO ratings (user_id,book_id,rating) VALUES (27,15,-5);
INSERT INTO ratings (user_id,book_id,rating) VALUES (27,16,0);
INSERT INTO ratings (user_id,book_id,rating) VALUES (27,17,0);
INSERT INTO ratings (user_id,book_id,rating) VALUES (27,18,0);
INSERT INTO ratings (user_id,book_id,rating) VALUES (27,19,0);
INSERT INTO ratings (user_id,book_id,rating) VALUES (27,20,0);
INSERT INTO ratings (user_id,book_id,rating) VALUES (27,21,0);
INSERT INTO ratings (user_id,book_id,rating) VALUES (27,22,0);
INSERT INTO ratings (user_id,book_id,rating) VALUES (27,23,0);
INSERT INTO ratings (user_id,book_id,rating) VALUES (27,24,5);
INSERT INTO ratings (user_id,book_id,rating) VALUES (27,25,0);
INSERT INTO ratings (user_id,book_id,rating) VALUES (27,26,0);
INSERT INTO ratings (user_id,book_id,rating) VALUES (27,27,0);
INSERT INTO ratings (user_id,book_id,rating) VALUES (27,28,0);
INSERT INTO ratings (user_id,book_id,rating) VALUES (27,29,0);
INSERT INTO ratings (user_id,book_id,rating) VALUES (27,30,0);
INSERT INTO ratings (user_id,book_id,rating) VALUES (27,31,3);
INSERT INTO ratings (user_id,book_id,rating) VALUES (27,32,-5);
INSERT INTO ratings (user_id,book_id,rating) VALUES (27,33,0);
INSERT INTO ratings (user_id,book_id,rating) VALUES (27,34,0);
INSERT INTO ratings (user_id,book_id,rating) VALUES (27,35,0);
INSERT INTO ratings (user_id,book_id,rating) VALUES (27,36,0);
INSERT INTO ratings (user_id,book_id,rating) VALUES (27,37,0);
INSERT INTO ratings (user_id,book_id,rating) VALUES (27,38,3);
INSERT INTO ratings (user_id,book_id,rating) VALUES (27,39,0);
INSERT INTO ratings (user_id,book_id,rating) VALUES (27,40,0);
INSERT INTO ratings (user_id,book_id,rating) VALUES (27,41,0);
INSERT INTO ratings (user_id,book_id,rating) VALUES (27,42,0);
INSERT INTO ratings (user_id,book_id,rating) VALUES (27,43,3);
INSERT INTO ratings (user_id,book_id,rating) VALUES (27,44,3);
INSERT INTO ratings (user_id,book_id,rating) VALUES (27,45,0);
INSERT INTO ratings (user_id,book_id,rating) VALUES (27,46,0);
INSERT INTO ratings (user_id,book_id,rating) VALUES (27,47,0);
INSERT INTO ratings (user_id,book_id,rating) VALUES (27,48,0);
INSERT INTO ratings (user_id,book_id,rating) VALUES (27,49,3);
INSERT INTO ratings (user_id,book_id,rating) VALUES (27,50,0);
INSERT INTO ratings (user_id,book_id,rating) VALUES (27,51,-3);
INSERT INTO ratings (user_id,book_id,rating) VALUES (27,52,0);
INSERT INTO ratings (user_id,book_id,rating) VALUES (27,53,0);
INSERT INTO ratings (user_id,book_id,rating) VALUES (27,54,0);
INSERT INTO ratings (user_id,book_id,rating) VALUES (27,55,1);
INSERT INTO ratings (user_id,book_id,rating) VALUES (28,1,0);
INSERT INTO ratings (user_id,book_id,rating) VALUES (28,2,3);
INSERT INTO ratings (user_id,book_id,rating) VALUES (28,3,0);
INSERT INTO ratings (user_id,book_id,rating) VALUES (28,4,0);
INSERT INTO ratings (user_id,book_id,rating) VALUES (28,5,0);
INSERT INTO ratings (user_id,book_id,rating) VALUES (28,6,0);
INSERT INTO ratings (user_id,book_id,rating) VALUES (28,7,0);
INSERT INTO ratings (user_id,book_id,rating) VALUES (28,8,0);
INSERT INTO ratings (user_id,book_id,rating) VALUES (28,9,1);
INSERT INTO ratings (user_id,book_id,rating) VALUES (28,10,0);
INSERT INTO ratings (user_id,book_id,rating) VALUES (28,11,0);
INSERT INTO ratings (user_id,book_id,rating) VALUES (28,12,0);
INSERT INTO ratings (user_id,book_id,rating) VALUES (28,13,0);
INSERT INTO ratings (user_id,book_id,rating) VALUES (28,14,0);
INSERT INTO ratings (user_id,book_id,rating) VALUES (28,15,0);
INSERT INTO ratings (user_id,book_id,rating) VALUES (28,16,0);
INSERT INTO ratings (user_id,book_id,rating) VALUES (28,17,0);
INSERT INTO ratings (user_id,book_id,rating) VALUES (28,18,0);
INSERT INTO ratings (user_id,book_id,rating) VALUES (28,19,0);
INSERT INTO ratings (user_id,book_id,rating) VALUES (28,20,5);
INSERT INTO ratings (user_id,book_id,rating) VALUES (28,21,0);
INSERT INTO ratings (user_id,book_id,rating) VALUES (28,22,0);
INSERT INTO ratings (user_id,book_id,rating) VALUES (28,23,0);
INSERT INTO ratings (user_id,book_id,rating) VALUES (28,24,0);
INSERT INTO ratings (user_id,book_id,rating) VALUES (28,25,0);
INSERT INTO ratings (user_id,book_id,rating) VALUES (28,26,0);
INSERT INTO ratings (user_id,book_id,rating) VALUES (28,27,0);
INSERT INTO ratings (user_id,book_id,rating) VALUES (28,28,0);
INSERT INTO ratings (user_id,book_id,rating) VALUES (28,29,0);
INSERT INTO ratings (user_id,book_id,rating) VALUES (28,30,0);
INSERT INTO ratings (user_id,book_id,rating) VALUES (28,31,0);
INSERT INTO ratings (user_id,book_id,rating) VALUES (28,32,5);
INSERT INTO ratings (user_id,book_id,rating) VALUES (28,33,0);
INSERT INTO ratings (user_id,book_id,rating) VALUES (28,34,0);
INSERT INTO ratings (user_id,book_id,rating) VALUES (28,35,0);
INSERT INTO ratings (user_id,book_id,rating) VALUES (28,36,0);
INSERT INTO ratings (user_id,book_id,rating) VALUES (28,37,0);
INSERT INTO ratings (user_id,book_id,rating) VALUES (28,38,0);
INSERT INTO ratings (user_id,book_id,rating) VALUES (28,39,5);
INSERT INTO ratings (user_id,book_id,rating) VALUES (28,40,0);
INSERT INTO ratings (user_id,book_id,rating) VALUES (28,41,0);
INSERT INTO ratings (user_id,book_id,rating) VALUES (28,42,0);
INSERT INTO ratings (user_id,book_id,rating) VALUES (28,43,5);
INSERT INTO ratings (user_id,book_id,rating) VALUES (28,44,0);
INSERT INTO ratings (user_id,book_id,rating) VALUES (28,45,0);
INSERT INTO ratings (user_id,book_id,rating) VALUES (28,46,0);
INSERT INTO ratings (user_id,book_id,rating) VALUES (28,47,3);
INSERT INTO ratings (user_id,book_id,rating) VALUES (28,48,0);
INSERT INTO ratings (user_id,book_id,rating) VALUES (28,49,0);
INSERT INTO ratings (user_id,book_id,rating) VALUES (28,50,5);
INSERT INTO ratings (user_id,book_id,rating) VALUES (28,51,5);
INSERT INTO ratings (user_id,book_id,rating) VALUES (28,52,0);
INSERT INTO ratings (user_id,book_id,rating) VALUES (28,53,0);
INSERT INTO ratings (user_id,book_id,rating) VALUES (28,54,0);
INSERT INTO ratings (user_id,book_id,rating) VALUES (28,55,1);
INSERT INTO ratings (user_id,book_id,rating) VALUES (29,1,0);
INSERT INTO ratings (user_id,book_id,rating) VALUES (29,2,5);
INSERT INTO ratings (user_id,book_id,rating) VALUES (29,3,0);
INSERT INTO ratings (user_id,book_id,rating) VALUES (29,4,0);
INSERT INTO ratings (user_id,book_id,rating) VALUES (29,5,0);
INSERT INTO ratings (user_id,book_id,rating) VALUES (29,6,0);
INSERT INTO ratings (user_id,book_id,rating) VALUES (29,7,0);
INSERT INTO ratings (user_id,book_id,rating) VALUES (29,8,0);
INSERT INTO ratings (user_id,book_id,rating) VALUES (29,9,0);
INSERT INTO ratings (user_id,book_id,rating) VALUES (29,10,1);
INSERT INTO ratings (user_id,book_id,rating) VALUES (29,11,0);
INSERT INTO ratings (user_id,book_id,rating) VALUES (29,12,0);
INSERT INTO ratings (user_id,book_id,rating) VALUES (29,13,0);
INSERT INTO ratings (user_id,book_id,rating) VALUES (29,14,0);
INSERT INTO ratings (user_id,book_id,rating) VALUES (29,15,0);
INSERT INTO ratings (user_id,book_id,rating) VALUES (29,16,0);
INSERT INTO ratings (user_id,book_id,rating) VALUES (29,17,0);
INSERT INTO ratings (user_id,book_id,rating) VALUES (29,18,0);
INSERT INTO ratings (user_id,book_id,rating) VALUES (29,19,0);
INSERT INTO ratings (user_id,book_id,rating) VALUES (29,20,0);
INSERT INTO ratings (user_id,book_id,rating) VALUES (29,21,0);
INSERT INTO ratings (user_id,book_id,rating) VALUES (29,22,0);
INSERT INTO ratings (user_id,book_id,rating) VALUES (29,23,0);
INSERT INTO ratings (user_id,book_id,rating) VALUES (29,24,3);
INSERT INTO ratings (user_id,book_id,rating) VALUES (29,25,0);
INSERT INTO ratings (user_id,book_id,rating) VALUES (29,26,0);
INSERT INTO ratings (user_id,book_id,rating) VALUES (29,27,0);
INSERT INTO ratings (user_id,book_id,rating) VALUES (29,28,0);
INSERT INTO ratings (user_id,book_id,rating) VALUES (29,29,0);
INSERT INTO ratings (user_id,book_id,rating) VALUES (29,30,0);
INSERT INTO ratings (user_id,book_id,rating) VALUES (29,31,5);
INSERT INTO ratings (user_id,book_id,rating) VALUES (29,32,0);
INSERT INTO ratings (user_id,book_id,rating) VALUES (29,33,0);
INSERT INTO ratings (user_id,book_id,rating) VALUES (29,34,0);
INSERT INTO ratings (user_id,book_id,rating) VALUES (29,35,0);
INSERT INTO ratings (user_id,book_id,rating) VALUES (29,36,0);
INSERT INTO ratings (user_id,book_id,rating) VALUES (29,37,0);
INSERT INTO ratings (user_id,book_id,rating) VALUES (29,38,3);
INSERT INTO ratings (user_id,book_id,rating) VALUES (29,39,0);
INSERT INTO ratings (user_id,book_id,rating) VALUES (29,40,0);
INSERT INTO ratings (user_id,book_id,rating) VALUES (29,41,0);
INSERT INTO ratings (user_id,book_id,rating) VALUES (29,42,0);
INSERT INTO ratings (user_id,book_id,rating) VALUES (29,43,0);
INSERT INTO ratings (user_id,book_id,rating) VALUES (29,44,0);
INSERT INTO ratings (user_id,book_id,rating) VALUES (29,45,0);
INSERT INTO ratings (user_id,book_id,rating) VALUES (29,46,0);
INSERT INTO ratings (user_id,book_id,rating) VALUES (29,47,0);
INSERT INTO ratings (user_id,book_id,rating) VALUES (29,48,0);
INSERT INTO ratings (user_id,book_id,rating) VALUES (29,49,5);
INSERT INTO ratings (user_id,book_id,rating) VALUES (29,50,0);
INSERT INTO ratings (user_id,book_id,rating) VALUES (29,51,0);
INSERT INTO ratings (user_id,book_id,rating) VALUES (29,52,0);
INSERT INTO ratings (user_id,book_id,rating) VALUES (29,53,0);
INSERT INTO ratings (user_id,book_id,rating) VALUES (29,54,0);
INSERT INTO ratings (user_id,book_id,rating) VALUES (29,55,0);
INSERT INTO ratings (user_id,book_id,rating) VALUES (30,1,0);
INSERT INTO ratings (user_id,book_id,rating) VALUES (30,2,0);
INSERT INTO ratings (user_id,book_id,rating) VALUES (30,3,0);
INSERT INTO ratings (user_id,book_id,rating) VALUES (30,4,0);
INSERT INTO ratings (user_id,book_id,rating) VALUES (30,5,0);
INSERT INTO ratings (user_id,book_id,rating) VALUES (30,6,0);
INSERT INTO ratings (user_id,book_id,rating) VALUES (30,7,0);
INSERT INTO ratings (user_id,book_id,rating) VALUES (30,8,0);
INSERT INTO ratings (user_id,book_id,rating) VALUES (30,9,0);
INSERT INTO ratings (user_id,book_id,rating) VALUES (30,10,0);
INSERT INTO ratings (user_id,book_id,rating) VALUES (30,11,0);
INSERT INTO ratings (user_id,book_id,rating) VALUES (30,12,0);
INSERT INTO ratings (user_id,book_id,rating) VALUES (30,13,0);
INSERT INTO ratings (user_id,book_id,rating) VALUES (30,14,0);
INSERT INTO ratings (user_id,book_id,rating) VALUES (30,15,0);
INSERT INTO ratings (user_id,book_id,rating) VALUES (30,16,0);
INSERT INTO ratings (user_id,book_id,rating) VALUES (30,17,0);
INSERT INTO ratings (user_id,book_id,rating) VALUES (30,18,0);
INSERT INTO ratings (user_id,book_id,rating) VALUES (30,19,5);
INSERT INTO ratings (user_id,book_id,rating) VALUES (30,20,0);
INSERT INTO ratings (user_id,book_id,rating) VALUES (30,21,0);
INSERT INTO ratings (user_id,book_id,rating) VALUES (30,22,0);
INSERT INTO ratings (user_id,book_id,rating) VALUES (30,23,0);
INSERT INTO ratings (user_id,book_id,rating) VALUES (30,24,0);
INSERT INTO ratings (user_id,book_id,rating) VALUES (30,25,0);
INSERT INTO ratings (user_id,book_id,rating) VALUES (30,26,0);
INSERT INTO ratings (user_id,book_id,rating) VALUES (30,27,0);
INSERT INTO ratings (user_id,book_id,rating) VALUES (30,28,0);
INSERT INTO ratings (user_id,book_id,rating) VALUES (30,29,5);
INSERT INTO ratings (user_id,book_id,rating) VALUES (30,30,0);
INSERT INTO ratings (user_id,book_id,rating) VALUES (30,31,0);
INSERT INTO ratings (user_id,book_id,rating) VALUES (30,32,5);
INSERT INTO ratings (user_id,book_id,rating) VALUES (30,33,0);
INSERT INTO ratings (user_id,book_id,rating) VALUES (30,34,3);
INSERT INTO ratings (user_id,book_id,rating) VALUES (30,35,0);
INSERT INTO ratings (user_id,book_id,rating) VALUES (30,36,0);
INSERT INTO ratings (user_id,book_id,rating) VALUES (30,37,0);
INSERT INTO ratings (user_id,book_id,rating) VALUES (30,38,0);
INSERT INTO ratings (user_id,book_id,rating) VALUES (30,39,0);
INSERT INTO ratings (user_id,book_id,rating) VALUES (30,40,0);
INSERT INTO ratings (user_id,book_id,rating) VALUES (30,41,0);
INSERT INTO ratings (user_id,book_id,rating) VALUES (30,42,0);
INSERT INTO ratings (user_id,book_id,rating) VALUES (30,43,5);
INSERT INTO ratings (user_id,book_id,rating) VALUES (30,44,0);
INSERT INTO ratings (user_id,book_id,rating) VALUES (30,45,0);
INSERT INTO ratings (user_id,book_id,rating) VALUES (30,46,0);
INSERT INTO ratings (user_id,book_id,rating) VALUES (30,47,0);
INSERT INTO ratings (user_id,book_id,rating) VALUES (30,48,0);
INSERT INTO ratings (user_id,book_id,rating) VALUES (30,49,0);
INSERT INTO ratings (user_id,book_id,rating) VALUES (30,50,0);
INSERT INTO ratings (user_id,book_id,rating) VALUES (30,51,0);
INSERT INTO ratings (user_id,book_id,rating) VALUES (30,52,0);
INSERT INTO ratings (user_id,book_id,rating) VALUES (30,53,0);
INSERT INTO ratings (user_id,book_id,rating) VALUES (30,54,0);
INSERT INTO ratings (user_id,book_id,rating) VALUES (30,55,0);
INSERT INTO ratings (user_id,book_id,rating) VALUES (31,1,1);
INSERT INTO ratings (user_id,book_id,rating) VALUES (31,2,0);
INSERT INTO ratings (user_id,book_id,rating) VALUES (31,3,0);
INSERT INTO ratings (user_id,book_id,rating) VALUES (31,4,0);
INSERT INTO ratings (user_id,book_id,rating) VALUES (31,5,0);
INSERT INTO ratings (user_id,book_id,rating) VALUES (31,6,0);
INSERT INTO ratings (user_id,book_id,rating) VALUES (31,7,0);
INSERT INTO ratings (user_id,book_id,rating) VALUES (31,8,0);
INSERT INTO ratings (user_id,book_id,rating) VALUES (31,9,0);
INSERT INTO ratings (user_id,book_id,rating) VALUES (31,10,0);
INSERT INTO ratings (user_id,book_id,rating) VALUES (31,11,0);
INSERT INTO ratings (user_id,book_id,rating) VALUES (31,12,0);
INSERT INTO ratings (user_id,book_id,rating) VALUES (31,13,0);
INSERT INTO ratings (user_id,book_id,rating) VALUES (31,14,0);
INSERT INTO ratings (user_id,book_id,rating) VALUES (31,15,1);
INSERT INTO ratings (user_id,book_id,rating) VALUES (31,16,0);
INSERT INTO ratings (user_id,book_id,rating) VALUES (31,17,0);
INSERT INTO ratings (user_id,book_id,rating) VALUES (31,18,0);
INSERT INTO ratings (user_id,book_id,rating) VALUES (31,19,1);
INSERT INTO ratings (user_id,book_id,rating) VALUES (31,20,0);
INSERT INTO ratings (user_id,book_id,rating) VALUES (31,21,0);
INSERT INTO ratings (user_id,book_id,rating) VALUES (31,22,0);
INSERT INTO ratings (user_id,book_id,rating) VALUES (31,23,0);
INSERT INTO ratings (user_id,book_id,rating) VALUES (31,24,3);
INSERT INTO ratings (user_id,book_id,rating) VALUES (31,25,0);
INSERT INTO ratings (user_id,book_id,rating) VALUES (31,26,0);
INSERT INTO ratings (user_id,book_id,rating) VALUES (31,27,0);
INSERT INTO ratings (user_id,book_id,rating) VALUES (31,28,0);
INSERT INTO ratings (user_id,book_id,rating) VALUES (31,29,0);
INSERT INTO ratings (user_id,book_id,rating) VALUES (31,30,0);
INSERT INTO ratings (user_id,book_id,rating) VALUES (31,31,-3);
INSERT INTO ratings (user_id,book_id,rating) VALUES (31,32,0);
INSERT INTO ratings (user_id,book_id,rating) VALUES (31,33,0);
INSERT INTO ratings (user_id,book_id,rating) VALUES (31,34,0);
INSERT INTO ratings (user_id,book_id,rating) VALUES (31,35,0);
INSERT INTO ratings (user_id,book_id,rating) VALUES (31,36,0);
INSERT INTO ratings (user_id,book_id,rating) VALUES (31,37,0);
INSERT INTO ratings (user_id,book_id,rating) VALUES (31,38,3);
INSERT INTO ratings (user_id,book_id,rating) VALUES (31,39,0);
INSERT INTO ratings (user_id,book_id,rating) VALUES (31,40,0);
INSERT INTO ratings (user_id,book_id,rating) VALUES (31,41,0);
INSERT INTO ratings (user_id,book_id,rating) VALUES (31,42,0);
INSERT INTO ratings (user_id,book_id,rating) VALUES (31,43,0);
INSERT INTO ratings (user_id,book_id,rating) VALUES (31,44,0);
INSERT INTO ratings (user_id,book_id,rating) VALUES (31,45,0);
INSERT INTO ratings (user_id,book_id,rating) VALUES (31,46,0);
INSERT INTO ratings (user_id,book_id,rating) VALUES (31,47,0);
INSERT INTO ratings (user_id,book_id,rating) VALUES (31,48,0);
INSERT INTO ratings (user_id,book_id,rating) VALUES (31,49,0);
INSERT INTO ratings (user_id,book_id,rating) VALUES (31,50,0);
INSERT INTO ratings (user_id,book_id,rating) VALUES (31,51,0);
INSERT INTO ratings (user_id,book_id,rating) VALUES (31,52,0);
INSERT INTO ratings (user_id,book_id,rating) VALUES (31,53,0);
INSERT INTO ratings (user_id,book_id,rating) VALUES (31,54,0);
INSERT INTO ratings (user_id,book_id,rating) VALUES (31,55,3);
INSERT INTO ratings (user_id,book_id,rating) VALUES (32,1,0);
INSERT INTO ratings (user_id,book_id,rating) VALUES (32,2,0);
INSERT INTO ratings (user_id,book_id,rating) VALUES (32,3,0);
INSERT INTO ratings (user_id,book_id,rating) VALUES (32,4,0);
INSERT INTO ratings (user_id,book_id,rating) VALUES (32,5,0);
INSERT INTO ratings (user_id,book_id,rating) VALUES (32,6,0);
INSERT INTO ratings (user_id,book_id,rating) VALUES (32,7,0);
INSERT INTO ratings (user_id,book_id,rating) VALUES (32,8,-3);
INSERT INTO ratings (user_id,book_id,rating) VALUES (32,9,0);
INSERT INTO ratings (user_id,book_id,rating) VALUES (32,10,3);
INSERT INTO ratings (user_id,book_id,rating) VALUES (32,11,1);
INSERT INTO ratings (user_id,book_id,rating) VALUES (32,12,0);
INSERT INTO ratings (user_id,book_id,rating) VALUES (32,13,0);
INSERT INTO ratings (user_id,book_id,rating) VALUES (32,14,0);
INSERT INTO ratings (user_id,book_id,rating) VALUES (32,15,0);
INSERT INTO ratings (user_id,book_id,rating) VALUES (32,16,0);
INSERT INTO ratings (user_id,book_id,rating) VALUES (32,17,0);
INSERT INTO ratings (user_id,book_id,rating) VALUES (32,18,0);
INSERT INTO ratings (user_id,book_id,rating) VALUES (32,19,3);
INSERT INTO ratings (user_id,book_id,rating) VALUES (32,20,5);
INSERT INTO ratings (user_id,book_id,rating) VALUES (32,21,0);
INSERT INTO ratings (user_id,book_id,rating) VALUES (32,22,0);
INSERT INTO ratings (user_id,book_id,rating) VALUES (32,23,0);
INSERT INTO ratings (user_id,book_id,rating) VALUES (32,24,3);
INSERT INTO ratings (user_id,book_id,rating) VALUES (32,25,0);
INSERT INTO ratings (user_id,book_id,rating) VALUES (32,26,0);
INSERT INTO ratings (user_id,book_id,rating) VALUES (32,27,0);
INSERT INTO ratings (user_id,book_id,rating) VALUES (32,28,0);
INSERT INTO ratings (user_id,book_id,rating) VALUES (32,29,0);
INSERT INTO ratings (user_id,book_id,rating) VALUES (32,30,0);
INSERT INTO ratings (user_id,book_id,rating) VALUES (32,31,3);
INSERT INTO ratings (user_id,book_id,rating) VALUES (32,32,0);
INSERT INTO ratings (user_id,book_id,rating) VALUES (32,33,0);
INSERT INTO ratings (user_id,book_id,rating) VALUES (32,34,0);
INSERT INTO ratings (user_id,book_id,rating) VALUES (32,35,0);
INSERT INTO ratings (user_id,book_id,rating) VALUES (32,36,-5);
INSERT INTO ratings (user_id,book_id,rating) VALUES (32,37,0);
INSERT INTO ratings (user_id,book_id,rating) VALUES (32,38,0);
INSERT INTO ratings (user_id,book_id,rating) VALUES (32,39,0);
INSERT INTO ratings (user_id,book_id,rating) VALUES (32,40,1);
INSERT INTO ratings (user_id,book_id,rating) VALUES (32,41,0);
INSERT INTO ratings (user_id,book_id,rating) VALUES (32,42,0);
INSERT INTO ratings (user_id,book_id,rating) VALUES (32,43,5);
INSERT INTO ratings (user_id,book_id,rating) VALUES (32,44,3);
INSERT INTO ratings (user_id,book_id,rating) VALUES (32,45,3);
INSERT INTO ratings (user_id,book_id,rating) VALUES (32,46,0);
INSERT INTO ratings (user_id,book_id,rating) VALUES (32,47,0);
INSERT INTO ratings (user_id,book_id,rating) VALUES (32,48,0);
INSERT INTO ratings (user_id,book_id,rating) VALUES (32,49,1);
INSERT INTO ratings (user_id,book_id,rating) VALUES (32,50,0);
INSERT INTO ratings (user_id,book_id,rating) VALUES (32,51,0);
INSERT INTO ratings (user_id,book_id,rating) VALUES (32,52,0);
INSERT INTO ratings (user_id,book_id,rating) VALUES (32,53,0);
INSERT INTO ratings (user_id,book_id,rating) VALUES (32,54,0);
INSERT INTO ratings (user_id,book_id,rating) VALUES (32,55,5);
